Iteration,Phase,Loss,Reward,Entropy,WinRate,DealInRate,MeanShantenRed
1,1,0.0780,0.0062,1.1596,0.8493,0.2740,6.7123
2,1,0.1065,0.0062,1.2868,0.7203,0.1441,6.4322
3,1,0.0760,0.0055,1.2987,0.6000,0.2000,6.2087
4,1,0.1082,0.0082,1.2513,0.6813,0.1429,6.6374
5,1,0.1380,0.0094,1.2853,0.6202,0.1473,6.3798
6,1,0.1126,0.0072,1.2879,0.6535,0.1485,6.2277
7,1,0.1043,0.0061,1.3103,0.6036,0.1982,6.4324
8,1,0.1282,0.0089,1.2923,0.6147,0.1376,6.1560
9,1,0.1107,0.0061,1.2696,0.6641,0.1484,6.6016
10,1,0.0955,0.0068,1.3011,0.5773,0.1753,6.5979
11,1,0.1039,0.0061,1.2884,0.5982,0.2411,6.4018
12,1,0.1068,0.0063,1.2811,0.6634,0.1683,6.4752
13,1,0.0897,0.0076,1.2781,0.6250,0.2232,6.6696
14,1,0.1172,0.0089,1.3114,0.5664,0.1239,6.2566
15,1,0.1008,0.0070,1.2967,0.6106,0.1681,6.1327
16,1,0.1078,0.0069,1.3157,0.5833,0.2083,6.1750
17,1,0.1202,0.0059,1.2850,0.6078,0.0882,6.4216
18,1,0.0985,0.0045,1.2632,0.6607,0.1875,6.2857
19,1,0.1364,0.0081,1.2949,0.5887,0.1935,6.4274
20,1,0.1147,0.0087,1.2780,0.6583,0.1333,6.2500
21,1,0.1053,0.0064,1.2344,0.6914,0.3333,6.8395
22,1,0.1229,0.0084,1.2941,0.7984,0.1938,6.4419
23,1,0.0798,0.0068,1.2816,0.5248,0.1683,6.6139
24,1,0.0968,0.0061,1.3130,0.6786,0.2054,6.5625
25,1,0.1092,0.0065,1.3139,0.6296,0.1389,6.1852
26,1,0.0955,0.0058,1.2825,0.7103,0.1963,6.5047
27,1,0.1105,0.0057,1.2710,0.6481,0.1759,6.9074
28,1,0.1240,0.0045,1.3120,0.5536,0.3036,6.1339
29,1,0.1241,0.0067,1.2894,0.5833,0.1759,6.3704
30,1,0.0974,0.0066,1.2614,0.5814,0.2403,6.5969
31,1,0.0895,0.0061,1.2699,0.6129,0.1290,6.3978
32,1,0.1102,0.0057,1.2722,0.7207,0.1712,6.3514
33,1,0.1435,0.0094,1.2639,0.5000,0.1855,6.4435
34,1,0.1092,0.0059,1.2881,0.6972,0.1651,6.4954
35,1,0.1209,0.0085,1.2545,0.5140,0.2243,6.2336
36,1,0.1115,0.0072,1.2965,0.6864,0.1864,6.4831
37,1,0.1093,0.0068,1.2989,0.6598,0.2165,6.2577
38,1,0.0899,0.0058,1.2685,0.6800,0.2160,6.5280
39,1,0.1116,0.0057,1.3124,0.6355,0.1495,6.3458
40,1,0.1569,0.0050,1.3410,0.5431,0.1810,6.2931
41,1,0.1140,0.0071,1.2763,0.5619,0.1810,6.4952
42,1,0.1188,0.0051,1.2714,0.7527,0.1613,6.6452
43,1,0.1023,0.0073,1.3019,0.7377,0.1639,6.3689
44,1,0.1066,0.0062,1.2731,0.5929,0.1416,6.3717
45,1,0.1126,0.0042,1.2884,0.7054,0.1696,6.4018
46,1,0.1094,0.0055,1.2816,0.4907,0.2037,6.4815
47,1,0.1286,0.0063,1.3041,0.6000,0.1478,6.2522
48,1,0.1004,0.0059,1.2844,0.5909,0.1545,6.1364
49,1,0.1197,0.0084,1.2806,0.6303,0.1765,6.1513
50,1,0.1148,0.0062,1.2993,0.5833,0.2250,6.7417
51,1,0.1121,0.0053,1.3131,0.6989,0.2473,6.4194
52,1,0.1080,0.0062,1.3030,0.6102,0.1271,6.5508
53,1,0.0742,0.0068,1.2912,0.5905,0.2095,6.2762
54,1,0.1017,0.0062,1.2704,0.6146,0.1667,6.6354
55,1,0.0968,0.0071,1.3185,0.6800,0.1440,6.3680
56,1,0.1033,0.0081,1.2990,0.4486,0.1589,6.2710
57,1,0.1481,0.0095,1.2980,0.6429,0.1607,6.1250
58,1,0.1214,0.0082,1.2900,0.6769,0.1923,6.2692
59,1,0.1013,0.0065,1.2912,0.7320,0.1237,6.3505
60,1,0.0974,0.0058,1.2859,0.6721,0.1967,6.4262
61,1,0.1041,0.0069,1.2748,0.5664,0.1416,6.3628
62,1,0.1171,0.0046,1.2864,0.5941,0.1485,6.0792
63,1,0.1000,0.0070,1.2688,0.5887,0.1613,6.3306
64,1,0.0914,0.0050,1.2626,0.6000,0.1889,6.6444
65,1,0.1058,0.0062,1.2776,0.5906,0.2047,6.2441
66,1,0.0992,0.0062,1.2650,0.7075,0.2358,6.7547
67,1,0.1413,0.0084,1.2567,0.5950,0.2149,6.2810
68,1,0.1043,0.0056,1.2947,0.7053,0.1684,6.9474
69,1,0.1011,0.0061,1.2805,0.7273,0.1488,6.3554
70,1,0.1187,0.0049,1.2861,0.7041,0.2755,6.4694
71,1,0.0931,0.0070,1.2905,0.5664,0.2035,6.4602
72,1,0.1024,0.0065,1.3209,0.4874,0.2101,6.1513
73,1,0.1180,0.0061,1.2681,0.6481,0.1481,6.3241
74,1,0.1282,0.0062,1.2532,0.6355,0.1121,6.5981
75,1,0.1162,0.0058,1.2796,0.5833,0.2407,6.5741
76,1,0.0955,0.0056,1.2705,0.5738,0.1393,6.1803
77,1,0.1154,0.0073,1.3171,0.6701,0.2577,6.1340
78,1,0.1047,0.0085,1.2824,0.5983,0.2222,6.3333
79,1,0.1069,0.0078,1.2962,0.5172,0.1897,6.5517
80,1,0.1051,0.0074,1.2863,0.6476,0.1905,6.4952
81,1,0.1242,0.0062,1.2638,0.5929,0.1327,6.3009
82,1,0.1094,0.0067,1.3175,0.5950,0.1322,6.3306
83,1,0.1225,0.0078,1.3092,0.6022,0.1505,6.5699
84,1,0.1181,0.0073,1.2768,0.5000,0.1567,6.3060
85,1,0.1076,0.0074,1.3125,0.6058,0.2308,6.1058
86,1,0.0909,0.0060,1.2728,0.8019,0.1509,6.4151
87,1,0.1133,0.0082,1.2841,0.7345,0.1681,6.5221
88,1,0.0875,0.0061,1.2878,0.6000,0.1455,6.1273
89,1,0.1123,0.0052,1.2526,0.7522,0.2124,6.6283
90,1,0.1174,0.0094,1.2591,0.6500,0.1500,6.5800
91,1,0.0767,0.0057,1.2960,0.5965,0.1754,6.3772
92,1,0.1022,0.0072,1.2840,0.6160,0.1520,6.2800
93,1,0.1153,0.0060,1.3050,0.5818,0.1545,6.1182
94,1,0.1131,0.0088,1.2624,0.7091,0.2182,6.7727
95,1,0.1197,0.0072,1.2716,0.7802,0.1868,6.5604
96,1,0.1081,0.0052,1.2734,0.5760,0.2080,6.4240
97,1,0.1107,0.0066,1.2820,0.5833,0.1296,6.3981
98,1,0.1041,0.0061,1.3056,0.6695,0.2373,6.7542
99,1,0.1177,0.0073,1.2907,0.6162,0.2121,6.2929
100,1,0.1255,0.0052,1.2698,0.5920,0.1840,6.3440
101,1,0.1002,0.0060,1.3053,0.5229,0.1284,6.3303
102,1,0.0934,0.0080,1.2820,0.6542,0.2150,6.3925
103,1,0.0926,0.0069,1.2557,0.7094,0.1709,6.4274
104,1,0.0983,0.0046,1.2852,0.6606,0.0734,6.4862
105,1,0.0980,0.0062,1.2706,0.6082,0.1546,6.5052
106,1,0.1339,0.0102,1.2687,0.5932,0.2288,6.4237
107,1,0.0991,0.0058,1.3055,0.6207,0.2069,6.4138
108,1,0.0898,0.0069,1.2827,0.6339,0.1696,6.5179
109,1,0.0860,0.0063,1.2746,0.5586,0.1712,6.7748
110,1,0.0866,0.0074,1.2743,0.4205,0.1818,6.3068
111,1,0.1218,0.0066,1.2545,0.6693,0.1339,6.5906
112,1,0.1038,0.0074,1.2920,0.5673,0.1731,6.3365
113,1,0.1265,0.0052,1.2976,0.5739,0.2174,6.2957
114,1,0.0847,0.0062,1.2997,0.6916,0.1308,6.5140
115,1,0.1128,0.0076,1.2881,0.6068,0.0855,6.1966
116,1,0.0967,0.0076,1.3099,0.5833,0.1333,6.2500
117,1,0.1084,0.0054,1.2843,0.5982,0.1429,6.3661
118,1,0.0758,0.0066,1.2696,0.6289,0.1134,6.7423
119,1,0.0952,0.0055,1.2872,0.6228,0.1842,6.2719
120,1,0.0940,0.0063,1.2903,0.6518,0.2500,6.6071
121,1,0.1077,0.0067,1.3039,0.5185,0.1667,6.3056
122,1,0.1423,0.0071,1.2685,0.7040,0.1680,6.5360
123,1,0.1016,0.0056,1.3250,0.6392,0.1546,6.7113
124,1,0.1411,0.0079,1.2591,0.6789,0.1651,6.3028
125,1,0.1043,0.0061,1.2609,0.5950,0.1983,6.4050
126,1,0.1126,0.0054,1.2818,0.8200,0.2300,6.9500
127,1,0.1136,0.0060,1.2923,0.6697,0.2110,6.3578
128,1,0.1077,0.0075,1.2719,0.6355,0.1963,6.7850
129,1,0.1022,0.0067,1.3072,0.6909,0.1909,6.5455
130,1,0.1029,0.0048,1.2833,0.5000,0.1827,6.3846
131,1,0.1305,0.0083,1.2954,0.6842,0.1491,6.3684
132,1,0.1237,0.0079,1.2732,0.8037,0.1682,6.5140
133,1,0.1058,0.0071,1.2844,0.5545,0.1727,6.2000
134,1,0.1056,0.0066,1.3039,0.5545,0.1909,6.3000
135,1,0.1302,0.0064,1.2940,0.6417,0.1583,6.4750
136,1,0.0823,0.0053,1.2552,0.7941,0.2647,6.5588
137,1,0.1203,0.0064,1.2550,0.5603,0.2069,6.3879
138,1,0.1188,0.0067,1.2793,0.6885,0.2213,6.4098
139,1,0.1131,0.0074,1.2516,0.6667,0.1222,6.4333
140,1,0.0958,0.0071,1.2756,0.6960,0.1920,6.4240
141,1,0.1076,0.0053,1.2754,0.6147,0.1651,6.2569
142,1,0.1025,0.0050,1.2507,0.6735,0.1939,6.7653
143,1,0.1170,0.0083,1.2569,0.5221,0.1593,6.4071
144,1,0.1277,0.0085,1.2528,0.6296,0.2222,6.6667
145,1,0.0814,0.0067,1.3145,0.6273,0.0909,6.2455
146,1,0.1143,0.0073,1.2799,0.6475,0.1230,6.3607
147,1,0.1052,0.0062,1.2594,0.6602,0.1845,6.4078
148,1,0.0946,0.0077,1.3026,0.6822,0.2336,6.7477
149,1,0.1107,0.0063,1.2996,0.4571,0.1524,6.2857
150,1,0.0871,0.0055,1.2693,0.6610,0.1525,6.1864
151,1,0.0962,0.0069,1.2841,0.7890,0.2110,6.5963
152,1,0.1061,0.0063,1.2433,0.5652,0.1478,6.3565
153,1,0.1171,0.0095,1.2470,0.7222,0.1389,6.4722
154,1,0.1157,0.0078,1.2745,0.7685,0.1852,6.6852
155,1,0.1413,0.0081,1.2703,0.6604,0.2358,6.2642
156,1,0.1205,0.0046,1.2944,0.6250,0.1875,6.5714
157,1,0.1102,0.0063,1.2609,0.6774,0.1371,6.3710
158,1,0.1044,0.0047,1.3050,0.5905,0.1524,6.2190
159,1,0.1327,0.0077,1.2726,0.6174,0.1913,6.2609
160,1,0.1218,0.0064,1.3022,0.7339,0.1560,6.3211
161,1,0.1081,0.0075,1.2655,0.6667,0.2033,6.4634
162,1,0.1028,0.0054,1.2915,0.6703,0.1099,6.8571
163,1,0.1000,0.0068,1.2978,0.6018,0.1770,6.5044
164,1,0.1039,0.0073,1.2553,0.7521,0.1624,6.5385
165,1,0.1109,0.0057,1.2908,0.6404,0.1842,6.3860
166,1,0.0981,0.0076,1.3242,0.5862,0.1494,6.7471
167,1,0.1193,0.0071,1.3027,0.5821,0.1269,6.3060
168,1,0.1141,0.0078,1.2479,0.5673,0.1538,6.3558
169,1,0.1084,0.0068,1.2864,0.6893,0.2233,6.5049
170,1,0.1172,0.0085,1.2854,0.6058,0.1635,6.4808
171,1,0.1033,0.0081,1.2619,0.6379,0.1552,6.3534
172,1,0.0926,0.0055,1.2650,0.5667,0.2000,6.1167
173,1,0.1244,0.0072,1.2810,0.8067,0.1597,6.5714
174,1,0.1234,0.0054,1.2976,0.5524,0.2571,6.4286
175,1,0.1236,0.0050,1.2996,0.6087,0.1304,6.4435
176,1,0.1189,0.0049,1.2733,0.6667,0.1389,6.5000
177,1,0.0969,0.0070,1.2824,0.6727,0.1636,6.4636
178,1,0.0813,0.0061,1.3133,0.6774,0.1935,6.3441
179,1,0.1330,0.0088,1.2923,0.6544,0.1471,6.1324
180,1,0.0810,0.0063,1.2456,0.5870,0.1848,6.5978
181,1,0.1053,0.0065,1.2859,0.6341,0.2276,6.7642
182,1,0.1237,0.0077,1.3003,0.6449,0.1495,6.2804
183,1,0.1039,0.0058,1.2854,0.5351,0.1667,6.6140
184,1,0.1105,0.0071,1.2795,0.5444,0.2000,6.4889
185,1,0.1093,0.0078,1.2718,0.5182,0.1971,6.2117
186,1,0.1257,0.0075,1.2615,0.5843,0.1685,6.4157
187,1,0.1311,0.0071,1.2694,0.6562,0.1875,6.4297
188,1,0.1153,0.0079,1.2894,0.6577,0.1441,6.2613
189,1,0.1214,0.0060,1.2795,0.6818,0.2091,6.4000
190,1,0.1116,0.0071,1.3002,0.6263,0.1717,6.4747
191,1,0.1216,0.0064,1.2649,0.6080,0.1920,6.1440
192,1,0.1183,0.0048,1.2854,0.5620,0.1818,6.6281
193,1,0.1226,0.0070,1.2783,0.6628,0.1977,6.2907
194,1,0.1147,0.0066,1.2823,0.7302,0.2063,6.2619
195,1,0.1114,0.0066,1.2725,0.7033,0.2198,6.8791
196,1,0.1212,0.0054,1.3076,0.6471,0.2605,6.6218
197,1,0.1131,0.0071,1.2671,0.7179,0.2222,6.3419
198,1,0.0923,0.0075,1.3028,0.6931,0.1386,6.2475
199,1,0.1087,0.0049,1.2251,0.6273,0.1727,6.3818
200,1,0.1189,0.0081,1.2643,0.5982,0.1964,6.2946
201,1,0.1166,0.0095,1.2969,0.6410,0.1880,6.1709
202,1,0.1326,0.0074,1.2432,0.6033,0.1653,6.5124
203,1,0.1068,0.0074,1.3194,0.5979,0.1856,6.2680
204,1,0.1312,0.0066,1.2768,0.6937,0.2252,6.4775
205,1,0.0965,0.0070,1.2830,0.6050,0.2269,6.4538
206,1,0.1304,0.0078,1.2510,0.6491,0.1754,6.2982
207,1,0.0993,0.0055,1.2872,0.6449,0.2056,6.5421
208,1,0.1102,0.0071,1.2634,0.6182,0.1545,6.4273
209,1,0.1070,0.0071,1.2728,0.5636,0.1818,6.2545
210,1,0.1416,0.0094,1.2694,0.4385,0.1923,6.2769
211,1,0.0948,0.0051,1.2593,0.6988,0.0964,6.3735
212,1,0.1269,0.0094,1.2712,0.6385,0.1615,6.5769
213,1,0.1045,0.0070,1.2552,0.7895,0.2421,6.6211
214,1,0.1194,0.0078,1.3153,0.6486,0.1712,6.1982
215,1,0.1300,0.0068,1.2156,0.5227,0.1818,6.4924
216,1,0.1183,0.0078,1.2596,0.7273,0.2045,6.5795
217,1,0.1267,0.0062,1.2765,0.6937,0.1802,6.7658
218,1,0.0882,0.0057,1.2593,0.5446,0.1485,6.2673
219,1,0.1013,0.0047,1.2925,0.6446,0.1818,6.5950
220,1,0.0930,0.0056,1.2869,0.7699,0.1504,6.4336
221,1,0.1110,0.0068,1.2740,0.6373,0.2157,6.5098
222,1,0.1383,0.0096,1.2509,0.6404,0.1842,6.2105
223,1,0.1085,0.0058,1.2795,0.5667,0.2167,6.4000
224,1,0.1149,0.0077,1.2983,0.5872,0.2844,6.2110
225,1,0.1259,0.0057,1.2672,0.5614,0.1754,6.4649
226,1,0.1312,0.0076,1.2546,0.7170,0.2170,6.8113
227,1,0.0936,0.0067,1.2587,0.7419,0.2366,6.6129
228,1,0.1079,0.0065,1.2523,0.7364,0.1395,6.6434
229,1,0.1095,0.0063,1.2849,0.7684,0.1895,6.5368
230,1,0.1344,0.0037,1.2846,0.5526,0.1491,6.2719
231,1,0.1074,0.0059,1.2657,0.6724,0.1724,6.5000
232,1,0.0940,0.0071,1.2998,0.7075,0.2170,6.4340
233,1,0.1141,0.0080,1.2906,0.5122,0.1057,6.1382
234,1,0.0989,0.0072,1.2561,0.7143,0.1619,6.5905
235,1,0.1004,0.0061,1.3118,0.5727,0.1818,6.5273
236,1,0.1193,0.0070,1.2611,0.7105,0.1930,6.9649
237,1,0.1038,0.0087,1.2551,0.6889,0.2111,6.2222
238,1,0.0873,0.0059,1.2941,0.7054,0.1339,6.5625
239,1,0.0924,0.0063,1.3060,0.5669,0.1654,6.0866
240,1,0.1060,0.0063,1.2603,0.4752,0.2079,6.2376
241,1,0.1211,0.0064,1.2930,0.6364,0.1736,6.6281
242,1,0.1112,0.0077,1.2829,0.5701,0.2056,6.5327
243,1,0.1411,0.0062,1.3038,0.6505,0.1845,6.1359
244,1,0.1111,0.0067,1.2755,0.7063,0.1349,6.1349
245,1,0.0808,0.0063,1.2822,0.5741,0.1759,6.3148
246,1,0.1094,0.0067,1.2745,0.6020,0.2041,6.3265
247,1,0.1163,0.0078,1.2961,0.6099,0.1560,6.2199
248,1,0.1284,0.0091,1.2916,0.6392,0.1959,6.2062
249,1,0.1012,0.0056,1.3098,0.5472,0.1509,6.6132
250,1,0.0970,0.0059,1.3160,0.5913,0.1739,6.1739
251,1,0.1060,0.0080,1.2885,0.6116,0.2231,6.2645
252,1,0.0926,0.0062,1.2855,0.6952,0.1333,6.4476
253,1,0.1178,0.0072,1.3042,0.5664,0.1593,6.4602
254,1,0.1116,0.0059,1.2557,0.6574,0.1944,6.5370
255,1,0.1209,0.0078,1.2867,0.6339,0.2054,6.4554
256,1,0.1056,0.0060,1.2877,0.6762,0.1905,6.4476
257,1,0.1196,0.0052,1.2880,0.6667,0.1583,6.4833
258,1,0.1316,0.0083,1.2744,0.7115,0.1538,6.5000
259,1,0.0927,0.0065,1.2785,0.5478,0.1391,6.4783
260,1,0.1252,0.0087,1.2899,0.5208,0.1250,6.4792
261,1,0.1333,0.0095,1.2868,0.5397,0.1429,6.4127
262,1,0.1145,0.0073,1.2860,0.6053,0.1842,6.3158
263,1,0.1076,0.0060,1.2794,0.5421,0.1776,6.3364
264,1,0.1061,0.0056,1.2659,0.5965,0.2105,6.3070
265,1,0.1057,0.0057,1.2798,0.7282,0.2039,6.7476
266,1,0.1260,0.0076,1.2817,0.6121,0.1638,6.2672
267,1,0.0873,0.0056,1.2809,0.6598,0.1959,6.4330
268,1,0.1047,0.0062,1.2830,0.5984,0.2623,6.7131
269,1,0.0921,0.0059,1.3019,0.5926,0.1759,6.1481
270,1,0.1173,0.0063,1.3066,0.5948,0.1552,6.0776
271,1,0.1028,0.0076,1.2983,0.7048,0.1905,6.6095
272,1,0.1073,0.0054,1.2942,0.7719,0.1491,6.5789
273,1,0.0925,0.0058,1.2758,0.5614,0.0965,6.0789
274,1,0.1100,0.0068,1.2920,0.6852,0.1759,6.4907
275,1,0.1011,0.0081,1.2729,0.6571,0.1714,6.4286
276,1,0.1222,0.0062,1.2852,0.5763,0.1017,6.6610
277,1,0.0977,0.0073,1.2547,0.6900,0.1900,6.3000
278,1,0.1100,0.0070,1.2744,0.6406,0.1562,6.1797
279,1,0.1000,0.0085,1.3154,0.7864,0.2330,6.3786
280,1,0.1124,0.0071,1.2870,0.5345,0.1638,6.4655
281,1,0.1034,0.0063,1.2885,0.5982,0.2054,6.0714
282,1,0.1183,0.0065,1.3020,0.5556,0.1190,6.1667
283,1,0.1031,0.0071,1.2596,0.5000,0.1735,6.5306
284,1,0.1061,0.0079,1.2927,0.5825,0.1748,6.8350
285,1,0.1169,0.0049,1.3040,0.6339,0.1339,6.7411
286,1,0.1138,0.0050,1.2472,0.6944,0.1389,6.4537
287,1,0.1137,0.0064,1.2475,0.5941,0.1485,6.4158
288,1,0.1181,0.0086,1.2937,0.6929,0.2071,6.2500
289,1,0.0914,0.0061,1.2792,0.6071,0.2619,6.3810
290,1,0.1165,0.0089,1.2414,0.6613,0.1452,6.4274
291,1,0.1036,0.0076,1.2789,0.6636,0.2150,6.5607
292,1,0.1285,0.0053,1.2697,0.6600,0.2300,7.0000
293,1,0.0929,0.0059,1.2998,0.6048,0.1855,6.3065
294,1,0.1180,0.0071,1.2838,0.5876,0.2062,6.3711
295,1,0.0993,0.0081,1.2684,0.5603,0.1897,6.4310
296,1,0.1116,0.0081,1.2747,0.6435,0.1739,6.5043
297,1,0.1103,0.0078,1.2427,0.6757,0.1892,6.5135
298,1,0.0993,0.0068,1.2418,0.6531,0.1735,6.7653
299,1,0.1358,0.0080,1.3108,0.5126,0.0924,6.5042
300,1,0.1217,0.0073,1.2665,0.5370,0.1481,6.5000
301,1,0.1005,0.0065,1.3114,0.6814,0.1504,6.4513
302,1,0.1121,0.0076,1.2776,0.5909,0.1818,6.4818
303,1,0.1016,0.0061,1.2988,0.6034,0.2328,6.4741
304,1,0.1010,0.0061,1.2715,0.5917,0.2167,6.5750
305,1,0.0946,0.0065,1.2950,0.6907,0.1649,6.5670
306,1,0.0884,0.0067,1.2710,0.5398,0.1770,6.8584
307,1,0.1052,0.0057,1.3102,0.5743,0.2079,6.1782
308,1,0.0975,0.0064,1.2923,0.5833,0.2130,6.5093
309,1,0.1073,0.0076,1.2869,0.5462,0.1513,6.2521
310,1,0.1242,0.0041,1.3097,0.5408,0.1735,6.4490
311,1,0.1147,0.0087,1.2562,0.6557,0.1639,6.4590
312,1,0.1233,0.0074,1.2741,0.5652,0.1913,6.7391
313,1,0.1207,0.0072,1.2868,0.6484,0.1538,6.4725
314,1,0.1209,0.0083,1.2625,0.5778,0.1333,6.0444
315,1,0.1067,0.0082,1.2564,0.6914,0.2099,6.5556
316,1,0.1159,0.0059,1.2888,0.5625,0.1406,6.4453
317,1,0.1082,0.0082,1.2753,0.6697,0.2110,6.1835
318,1,0.1028,0.0072,1.2989,0.6667,0.2381,6.6190
319,1,0.1238,0.0079,1.2917,0.6772,0.2047,6.1417
320,1,0.1330,0.0066,1.2800,0.5825,0.1456,6.2039
321,1,0.0990,0.0064,1.2767,0.5800,0.2400,6.3700
322,1,0.1156,0.0071,1.2590,0.5868,0.1074,6.5702
323,1,0.1057,0.0078,1.3003,0.7227,0.1261,6.2941
324,1,0.0931,0.0052,1.3141,0.7073,0.1585,6.4024
325,1,0.1048,0.0053,1.3132,0.5588,0.1618,6.7132
326,1,0.1198,0.0076,1.2813,0.7053,0.2000,6.5053
327,1,0.1288,0.0064,1.3047,0.5556,0.1905,6.4762
328,1,0.1177,0.0051,1.2388,0.6768,0.0909,6.3838
329,1,0.0969,0.0071,1.2757,0.6387,0.1765,6.2689
330,1,0.1218,0.0052,1.2926,0.5905,0.1333,6.1429
331,1,0.1011,0.0076,1.2794,0.5825,0.1650,6.4951
332,1,0.1306,0.0054,1.3186,0.6167,0.2083,6.6500
333,1,0.0979,0.0070,1.2767,0.6727,0.0818,6.2000
334,1,0.1073,0.0066,1.2406,0.6875,0.2500,6.6964
335,1,0.1113,0.0059,1.3147,0.5392,0.1667,6.4510
336,1,0.1360,0.0076,1.2871,0.5929,0.2478,6.5044
337,1,0.1029,0.0074,1.2910,0.4862,0.1651,6.2752
338,1,0.1324,0.0063,1.2889,0.4957,0.2821,6.4017
339,1,0.0974,0.0063,1.2779,0.6636,0.2056,6.3925
340,1,0.1162,0.0081,1.3146,0.6216,0.1982,6.0270
341,1,0.0963,0.0070,1.2586,0.6903,0.1770,6.6195
342,1,0.1147,0.0079,1.3078,0.6727,0.1727,6.3727
343,1,0.1070,0.0061,1.2278,0.5690,0.2586,6.5259
344,1,0.1105,0.0075,1.2430,0.7228,0.1782,6.6238
345,1,0.0927,0.0068,1.2857,0.5926,0.1481,6.1759
346,1,0.1054,0.0067,1.2793,0.6614,0.1732,6.3780
347,1,0.0952,0.0065,1.2914,0.5946,0.1982,6.4595
348,1,0.1328,0.0073,1.2569,0.6344,0.1828,6.6129
349,1,0.1266,0.0058,1.3039,0.6357,0.2248,6.3798
350,1,0.1093,0.0065,1.3030,0.6087,0.1087,6.2500
351,1,0.1228,0.0081,1.2779,0.6993,0.1538,6.1049
352,1,0.1117,0.0082,1.2369,0.6941,0.1765,6.4941
353,1,0.1072,0.0077,1.2638,0.6695,0.1525,6.3814
354,1,0.1293,0.0066,1.3011,0.6296,0.2407,6.4630
355,1,0.1286,0.0048,1.2877,0.6860,0.1818,6.7190
356,1,0.1333,0.0053,1.2379,0.6765,0.1176,6.7059
357,1,0.1017,0.0068,1.2540,0.6182,0.1091,6.4000
358,1,0.0918,0.0074,1.2773,0.6727,0.1818,6.5636
359,1,0.1088,0.0080,1.2777,0.6860,0.1901,6.7273
360,1,0.1063,0.0075,1.2963,0.7340,0.1809,6.2553
361,1,0.1110,0.0061,1.2671,0.7323,0.2205,6.7008
362,1,0.1063,0.0045,1.2844,0.5921,0.1974,6.5395
363,1,0.1328,0.0089,1.2479,0.5075,0.2090,6.3731
364,1,0.1046,0.0059,1.2800,0.5941,0.1188,6.5842
365,1,0.1076,0.0082,1.2727,0.7632,0.1842,6.3947
366,1,0.0941,0.0067,1.2898,0.5354,0.1818,6.2121
367,1,0.1029,0.0068,1.2601,0.7295,0.1639,6.5082
368,1,0.1195,0.0081,1.2544,0.5948,0.1466,6.5086
369,1,0.1117,0.0044,1.2728,0.6226,0.2547,6.6604
370,1,0.1120,0.0060,1.2924,0.5526,0.2193,6.3421
371,1,0.1001,0.0053,1.2997,0.6957,0.1630,6.6196
372,1,0.1060,0.0055,1.2770,0.6585,0.1626,6.3821
373,1,0.1079,0.0067,1.2921,0.5526,0.1228,6.1579
374,1,0.1348,0.0072,1.2729,0.5826,0.1739,6.4696
375,1,0.0984,0.0051,1.2872,0.6627,0.1446,6.8434
376,1,0.1231,0.0061,1.2956,0.6345,0.1103,6.2414
377,1,0.1081,0.0050,1.2579,0.5859,0.1919,6.5556
378,1,0.1201,0.0069,1.2555,0.8173,0.2404,6.7308
379,1,0.1145,0.0086,1.2561,0.6339,0.1607,6.4464
380,1,0.1123,0.0083,1.3132,0.5047,0.1776,6.1682
381,1,0.1208,0.0034,1.2420,0.6058,0.2500,6.4615
382,1,0.1329,0.0061,1.2714,0.5289,0.1653,6.4545
383,1,0.0886,0.0054,1.2860,0.5543,0.1413,6.5543
384,1,0.1099,0.0085,1.3123,0.6047,0.1550,6.2403
385,1,0.1034,0.0068,1.2718,0.5789,0.2421,6.4211
386,1,0.1207,0.0084,1.2719,0.7207,0.1712,6.7658
387,1,0.1076,0.0053,1.2906,0.6220,0.1575,6.2992
388,1,0.1015,0.0081,1.2833,0.6383,0.1277,6.5957
389,1,0.0950,0.0063,1.3179,0.5304,0.1217,6.5043
390,1,0.1184,0.0073,1.3202,0.7083,0.1875,6.6458
391,1,0.1405,0.0069,1.2587,0.6406,0.2578,6.2969
392,1,0.0974,0.0061,1.2947,0.6286,0.2000,6.8667
393,1,0.1021,0.0065,1.2615,0.6333,0.1417,6.0333
394,1,0.1188,0.0076,1.2680,0.7766,0.1915,6.5000
395,1,0.1268,0.0081,1.2966,0.4956,0.1947,6.4513
396,1,0.1237,0.0079,1.2741,0.6748,0.2195,6.1951
397,1,0.1122,0.0082,1.2658,0.6466,0.1724,6.4569
398,1,0.1150,0.0051,1.2958,0.6893,0.1845,6.7184
399,1,0.1512,0.0051,1.3252,0.5812,0.1368,6.2393
400,1,0.0987,0.0057,1.2552,0.5588,0.1863,6.3529
401,1,0.1318,0.0093,1.2800,0.5826,0.2261,6.3913
402,1,0.1108,0.0053,1.2767,0.5470,0.1282,6.1709
403,1,0.1064,0.0064,1.2866,0.5612,0.1429,6.3265
404,1,0.1304,0.0053,1.2916,0.7394,0.2042,6.2394
405,1,0.0978,0.0070,1.2892,0.5604,0.1978,6.5714
406,1,0.1254,0.0081,1.2983,0.7054,0.2558,6.4341
407,1,0.1011,0.0066,1.2609,0.5882,0.1412,6.2353
408,1,0.1236,0.0075,1.3125,0.6446,0.1322,6.4711
409,1,0.1318,0.0080,1.2935,0.6909,0.2000,6.4273
410,1,0.1425,0.0083,1.2741,0.6909,0.1455,6.3818
411,1,0.1027,0.0077,1.2830,0.6283,0.1770,6.2655
412,1,0.1014,0.0067,1.2966,0.6126,0.1892,6.2613
413,1,0.1291,0.0067,1.2794,0.7281,0.2281,6.6579
414,1,0.1194,0.0048,1.3180,0.7255,0.2647,6.6961
415,1,0.1022,0.0071,1.2760,0.6525,0.1780,6.3644
416,1,0.1083,0.0066,1.2854,0.7021,0.1489,6.3936
417,1,0.1264,0.0070,1.2731,0.5935,0.1220,6.5366
418,1,0.1252,0.0071,1.2583,0.7500,0.1562,6.5729
419,1,0.1346,0.0089,1.2718,0.7029,0.2174,6.4275
420,1,0.1007,0.0064,1.3094,0.6145,0.1807,6.5542
421,1,0.1108,0.0071,1.2760,0.6250,0.1484,6.3750
422,1,0.1022,0.0065,1.2392,0.7300,0.1300,6.6800
423,1,0.1034,0.0057,1.2727,0.8190,0.2762,6.8381
424,1,0.0984,0.0068,1.2952,0.6667,0.2000,6.5238
425,1,0.1057,0.0075,1.2797,0.6034,0.2414,6.2586
426,1,0.1271,0.0055,1.2499,0.6640,0.2240,6.5680
427,1,0.0988,0.0055,1.2828,0.6733,0.1287,6.4851
428,1,0.0907,0.0076,1.3076,0.5922,0.2136,6.3981
429,1,0.1332,0.0085,1.3063,0.6077,0.1538,6.1769
430,1,0.1204,0.0069,1.2725,0.6400,0.1700,6.3700
431,1,0.1070,0.0055,1.2562,0.7456,0.2456,6.3860
432,1,0.1170,0.0074,1.3005,0.6695,0.1441,6.2797
433,1,0.1140,0.0043,1.3015,0.4842,0.2737,5.9789
434,1,0.1013,0.0075,1.2938,0.4884,0.1395,6.2248
435,1,0.0910,0.0063,1.2600,0.6422,0.2752,6.5963
436,1,0.1043,0.0049,1.2925,0.6339,0.2143,6.5446
437,1,0.1014,0.0064,1.2966,0.6574,0.1481,6.3148
438,1,0.1293,0.0061,1.3189,0.6283,0.1770,6.2124
439,1,0.1154,0.0074,1.2731,0.5333,0.2667,6.4750
440,1,0.1115,0.0066,1.3219,0.7320,0.2268,6.3505
441,1,0.0980,0.0065,1.2531,0.6154,0.1385,6.4462
442,1,0.1078,0.0068,1.2969,0.6170,0.2340,6.5745
443,1,0.0914,0.0052,1.3387,0.7009,0.2150,6.4299
444,1,0.1141,0.0097,1.2743,0.6417,0.1500,6.3417
445,1,0.1201,0.0040,1.2702,0.5752,0.1770,6.4336
446,1,0.1126,0.0048,1.2430,0.8381,0.1429,7.0571
447,1,0.1281,0.0073,1.2613,0.6733,0.2277,6.2970
448,1,0.0979,0.0062,1.2866,0.4953,0.2430,6.5421
449,1,0.1110,0.0069,1.2843,0.6460,0.1947,6.3274
450,1,0.1058,0.0078,1.2740,0.6891,0.1176,6.4874
451,1,0.1059,0.0062,1.2799,0.7156,0.1835,6.3028
452,1,0.1086,0.0080,1.2460,0.6476,0.2667,6.6476
453,1,0.0990,0.0061,1.3185,0.6055,0.2202,6.3028
454,1,0.0991,0.0071,1.2399,0.6486,0.1622,6.4144
455,1,0.1307,0.0081,1.2320,0.6032,0.1667,6.5794
456,1,0.0963,0.0060,1.2894,0.7500,0.1957,6.6630
457,1,0.0842,0.0057,1.2371,0.6514,0.1651,6.6055
458,1,0.1163,0.0074,1.2693,0.6306,0.1712,6.4234
459,1,0.1192,0.0093,1.2779,0.7059,0.1345,6.4622
460,1,0.1282,0.0084,1.2825,0.6283,0.2743,6.4071
461,1,0.1128,0.0077,1.2556,0.5755,0.1509,6.3019
462,1,0.1243,0.0093,1.2950,0.6364,0.1000,6.3545
463,1,0.1213,0.0065,1.3015,0.5088,0.2368,6.3509
464,1,0.1173,0.0078,1.3026,0.7043,0.2348,6.3043
465,1,0.1077,0.0056,1.3056,0.6903,0.2124,6.2832
466,1,0.1252,0.0082,1.2968,0.6293,0.2328,6.3276
467,1,0.0911,0.0059,1.2785,0.5408,0.1939,6.5408
468,1,0.1247,0.0075,1.3017,0.6667,0.1583,6.3250
469,1,0.1046,0.0076,1.2731,0.5946,0.1892,6.3153
470,1,0.1182,0.0079,1.2933,0.6810,0.1983,6.5086
471,1,0.1054,0.0067,1.2813,0.6435,0.2087,6.5043
472,1,0.1291,0.0084,1.2487,0.6569,0.2059,6.3431
473,1,0.1015,0.0058,1.2340,0.7143,0.1633,6.5612
474,1,0.1097,0.0076,1.2983,0.6210,0.1935,6.4919
475,1,0.1122,0.0078,1.2804,0.5315,0.1802,6.2252
476,1,0.1036,0.0067,1.3097,0.5849,0.1698,6.3774
477,1,0.0985,0.0077,1.2718,0.5760,0.1840,6.2080
478,1,0.1077,0.0072,1.2831,0.6574,0.1111,6.6019
479,1,0.1274,0.0094,1.2855,0.5192,0.2404,6.2308
480,1,0.1388,0.0086,1.3035,0.6692,0.2331,6.2030
481,1,0.1174,0.0069,1.3076,0.5962,0.1731,6.4231
482,1,0.0980,0.0069,1.2797,0.5631,0.2427,6.2621
483,1,0.1492,0.0039,1.3001,0.7094,0.1453,6.7179
484,1,0.1234,0.0067,1.2762,0.5794,0.2150,6.3925
485,1,0.1162,0.0075,1.2752,0.6339,0.2411,6.5357
486,1,0.1200,0.0064,1.2788,0.6818,0.1818,6.2364
487,1,0.1203,0.0065,1.2829,0.7025,0.1488,6.3058
488,1,0.1086,0.0062,1.2804,0.6154,0.1346,6.3654
489,1,0.1035,0.0068,1.2956,0.5849,0.1604,6.5849
490,1,0.1102,0.0071,1.2952,0.6071,0.1786,6.3125
491,1,0.1081,0.0069,1.2828,0.5688,0.1927,6.2385
492,1,0.0881,0.0075,1.2623,0.6990,0.1942,6.5631
493,1,0.1257,0.0083,1.2606,0.6475,0.1639,6.3934
494,1,0.0905,0.0066,1.2883,0.7232,0.1607,6.2411
495,1,0.1344,0.0094,1.2935,0.5702,0.1736,6.2810
496,1,0.1123,0.0053,1.2776,0.5238,0.2143,6.4762
497,1,0.1199,0.0093,1.2451,0.6512,0.2481,6.3411
498,1,0.1099,0.0061,1.2702,0.5000,0.1273,6.7364
499,1,0.1149,0.0090,1.2860,0.5700,0.1300,6.2300
500,1,0.1168,0.0083,1.2784,0.6803,0.0984,6.3115
501,1,0.1011,0.0073,1.3051,0.6542,0.1495,6.3271
502,1,0.1063,0.0074,1.2477,0.6949,0.1271,6.7542
503,1,0.1105,0.0066,1.2879,0.6720,0.1120,6.2720
504,1,0.1215,0.0055,1.2817,0.5181,0.1566,6.4096
505,1,0.1177,0.0073,1.2546,0.5537,0.1488,6.4793
506,1,0.1098,0.0087,1.2773,0.7946,0.1339,6.3393
507,1,0.1009,0.0062,1.2996,0.5045,0.1712,6.2342
508,1,0.1049,0.0054,1.3048,0.6000,0.1250,6.3667
509,1,0.1156,0.0066,1.2820,0.7011,0.1724,6.5517
510,1,0.1079,0.0070,1.2859,0.5299,0.1716,6.1791
511,1,0.0933,0.0073,1.2862,0.6180,0.1910,6.4944
512,1,0.0947,0.0074,1.2639,0.5635,0.2460,6.1429
513,1,0.0971,0.0075,1.2451,0.7545,0.1727,6.6273
514,1,0.1106,0.0064,1.2781,0.6637,0.2035,6.2655
515,1,0.1030,0.0074,1.2792,0.6583,0.2000,6.1167
516,1,0.0923,0.0070,1.2820,0.7158,0.1684,6.5474
517,1,0.1150,0.0046,1.2619,0.6103,0.1471,6.1985
518,1,0.1133,0.0068,1.2683,0.7100,0.1500,6.5000
519,1,0.0957,0.0064,1.2673,0.6071,0.2321,6.5982
520,1,0.1180,0.0047,1.2937,0.4854,0.1262,6.2913
521,1,0.1052,0.0086,1.2819,0.7787,0.1230,6.1639
522,1,0.0937,0.0057,1.2981,0.6727,0.1636,6.2727
523,1,0.1111,0.0084,1.3113,0.5630,0.1849,6.3529
524,1,0.1082,0.0060,1.3174,0.7200,0.1800,6.3200
525,1,0.0957,0.0063,1.3065,0.6471,0.1597,6.2353
526,1,0.1109,0.0052,1.2883,0.7576,0.1515,6.2222
527,1,0.1165,0.0074,1.3012,0.5492,0.2131,6.3852
528,1,0.1115,0.0067,1.2907,0.4667,0.1429,6.1429
529,1,0.1122,0.0059,1.2676,0.6000,0.1680,6.1680
530,1,0.1207,0.0086,1.2780,0.6200,0.1800,6.3900
531,1,0.1094,0.0063,1.2973,0.5820,0.2705,6.5000
532,1,0.1130,0.0040,1.3063,0.7212,0.2404,6.5577
533,1,0.1313,0.0073,1.2477,0.5833,0.2000,6.5083
534,1,0.1075,0.0065,1.2841,0.6354,0.1979,6.4271
535,1,0.1147,0.0071,1.2691,0.5378,0.1429,6.2857
536,1,0.0917,0.0068,1.3206,0.4828,0.2069,6.1379
537,1,0.1052,0.0080,1.2980,0.6372,0.1858,6.3451
538,1,0.1282,0.0072,1.2783,0.5888,0.1495,6.4112
539,1,0.1239,0.0059,1.3040,0.5982,0.1339,6.0179
540,1,0.0981,0.0078,1.2931,0.7500,0.1583,6.4417
541,1,0.1086,0.0077,1.2855,0.6000,0.1579,6.2105
542,1,0.1011,0.0072,1.2577,0.6639,0.1849,6.3529
543,1,0.1127,0.0066,1.2963,0.6931,0.1980,6.6535
544,1,0.1118,0.0064,1.3288,0.6303,0.2521,6.3613
545,1,0.1187,0.0049,1.2694,0.6100,0.1400,6.7100
546,1,0.0970,0.0076,1.2808,0.5739,0.1913,6.5739
547,1,0.1131,0.0053,1.3075,0.6491,0.2105,6.3070
548,1,0.0821,0.0071,1.2622,0.7257,0.2035,6.3274
549,1,0.1136,0.0071,1.3076,0.5897,0.1538,6.1026
550,1,0.1225,0.0062,1.2722,0.6636,0.1364,6.6455
551,1,0.1133,0.0078,1.2966,0.4953,0.1776,6.2523
552,1,0.1147,0.0058,1.2960,0.6471,0.1933,6.4874
553,1,0.1106,0.0049,1.2671,0.5804,0.1875,6.6696
554,1,0.1292,0.0077,1.2824,0.6632,0.1789,6.2211
555,1,0.0943,0.0067,1.2790,0.7248,0.2477,6.7523
556,1,0.1246,0.0081,1.2675,0.5789,0.2105,6.4912
557,1,0.1123,0.0070,1.2702,0.5962,0.1250,6.3942
558,1,0.1154,0.0086,1.2943,0.5897,0.1709,6.0342
559,1,0.0978,0.0069,1.3186,0.5285,0.1626,6.4146
560,1,0.1093,0.0057,1.2909,0.6837,0.2245,6.4184
561,1,0.1078,0.0082,1.2785,0.5872,0.2202,6.4771
562,1,0.1321,0.0099,1.3257,0.6321,0.1509,6.3585
563,1,0.1145,0.0066,1.2753,0.6825,0.1984,6.2698
564,1,0.1215,0.0090,1.2660,0.5983,0.0940,6.3675
565,1,0.1218,0.0088,1.2981,0.6019,0.1456,6.3495
566,1,0.1337,0.0079,1.2985,0.5882,0.1345,6.3277
567,1,0.1187,0.0067,1.2808,0.5000,0.2041,6.2857
568,1,0.1118,0.0058,1.2690,0.7120,0.1680,6.3920
569,1,0.0990,0.0068,1.2698,0.5843,0.1573,6.5955
570,1,0.1115,0.0062,1.2596,0.6031,0.1450,6.4809
571,1,0.1006,0.0061,1.2839,0.6975,0.2101,6.2689
572,1,0.0998,0.0078,1.2879,0.7011,0.2414,6.3678
573,1,0.1357,0.0083,1.2725,0.6970,0.1970,6.4318
574,1,0.0969,0.0048,1.2979,0.6848,0.1739,6.7826
575,1,0.1238,0.0092,1.2737,0.7165,0.1732,6.4803
576,1,0.1060,0.0058,1.2974,0.7778,0.1414,6.5455
577,1,0.1127,0.0069,1.2971,0.6441,0.1525,6.5678
578,1,0.1137,0.0056,1.2865,0.6250,0.2604,6.5938
579,1,0.1086,0.0071,1.2745,0.7563,0.1597,6.6555
580,1,0.1097,0.0060,1.2712,0.6400,0.2100,6.3900
581,1,0.1179,0.0059,1.2861,0.8250,0.1917,6.5667
582,1,0.0939,0.0054,1.2877,0.6226,0.2075,6.6132
583,1,0.1279,0.0066,1.2891,0.6637,0.1416,6.7522
584,1,0.1111,0.0081,1.2410,0.6609,0.2000,6.3478
585,1,0.1040,0.0063,1.2768,0.7113,0.1959,6.7216
586,1,0.1027,0.0076,1.2469,0.6381,0.2190,6.3429
587,1,0.0979,0.0062,1.2608,0.6000,0.2000,6.6609
588,1,0.1121,0.0060,1.2844,0.7500,0.2500,6.7589
589,1,0.0935,0.0071,1.2827,0.6814,0.1150,6.1416
590,1,0.1198,0.0085,1.2524,0.6891,0.2017,6.3697
591,1,0.1032,0.0065,1.2929,0.5312,0.1875,6.1667
592,1,0.1048,0.0069,1.2609,0.5748,0.1496,6.5354
593,1,0.1223,0.0074,1.2869,0.6465,0.1818,6.7071
594,1,0.0908,0.0059,1.2903,0.5536,0.1875,6.5536
595,1,0.1029,0.0061,1.3052,0.6339,0.1696,6.3125
596,1,0.1141,0.0074,1.2640,0.6408,0.1942,6.5631
597,1,0.1149,0.0063,1.2789,0.6667,0.2929,6.7980
598,1,0.1182,0.0065,1.2885,0.6350,0.2336,6.2847
599,1,0.0969,0.0059,1.2872,0.7245,0.1735,6.6429
600,1,0.1306,0.0100,1.2722,0.5950,0.1653,6.3802
601,1,0.1143,0.0063,1.3010,0.6907,0.1649,6.3093
602,1,0.1083,0.0062,1.2840,0.7193,0.1579,6.5965
603,1,0.1250,0.0088,1.2887,0.6639,0.1429,6.1849
604,1,0.1238,0.0080,1.2756,0.7431,0.2294,6.5138
605,1,0.1248,0.0064,1.2710,0.6273,0.1636,6.3818
606,1,0.0940,0.0052,1.2891,0.6019,0.2427,6.7087
607,1,0.0968,0.0071,1.2946,0.5977,0.2644,6.2989
608,1,0.1244,0.0043,1.2929,0.6241,0.1429,6.3459
609,1,0.1276,0.0074,1.3144,0.5667,0.1167,6.2667
610,1,0.1105,0.0059,1.2844,0.7115,0.1250,6.4135
611,1,0.1043,0.0058,1.2896,0.5250,0.2333,6.2500
612,1,0.1361,0.0072,1.2533,0.7009,0.1402,6.4953
613,1,0.0936,0.0058,1.2715,0.6078,0.2255,6.5294
614,1,0.0974,0.0080,1.2876,0.7000,0.1385,6.3000
615,1,0.1246,0.0077,1.2881,0.5500,0.2250,6.4167
616,1,0.0907,0.0069,1.2882,0.5844,0.2468,6.8182
617,1,0.1040,0.0063,1.2586,0.6121,0.2155,6.6034
618,1,0.1311,0.0080,1.2688,0.6016,0.2266,6.3359
619,1,0.0973,0.0057,1.3009,0.7159,0.1477,6.3636
620,1,0.0949,0.0061,1.2992,0.5556,0.2143,6.1905
621,1,0.1025,0.0047,1.2683,0.7345,0.2478,6.4248
622,1,0.1131,0.0058,1.2965,0.6638,0.1466,6.5000
623,1,0.1009,0.0059,1.2745,0.6277,0.1809,6.6064
624,1,0.0946,0.0070,1.2707,0.7840,0.2240,6.4880
625,1,0.0927,0.0054,1.2868,0.6040,0.1683,6.5545
626,1,0.0941,0.0068,1.2845,0.6667,0.1754,6.4737
627,1,0.1314,0.0082,1.3011,0.5577,0.1346,6.2596
628,1,0.1223,0.0074,1.2831,0.6048,0.1855,6.2500
629,1,0.0960,0.0060,1.2975,0.6429,0.1190,6.3333
630,1,0.1153,0.0074,1.2728,0.5942,0.1884,6.1667
631,1,0.1303,0.0068,1.3068,0.6330,0.1743,6.3211
632,1,0.1124,0.0060,1.2471,0.7429,0.2571,6.7238
633,1,0.1063,0.0066,1.2998,0.6100,0.1500,6.4700
634,1,0.1028,0.0052,1.2674,0.7311,0.1933,6.7311
635,1,0.1109,0.0073,1.2554,0.4623,0.2170,6.4151
636,1,0.1133,0.0060,1.3052,0.6455,0.2091,6.7818
637,1,0.1239,0.0066,1.2820,0.6226,0.1887,6.4057
638,1,0.1075,0.0071,1.2515,0.6607,0.1786,6.6429
639,1,0.1268,0.0056,1.2968,0.6667,0.1759,6.2593
640,1,0.1479,0.0100,1.2767,0.6090,0.0977,6.2331
641,1,0.1206,0.0065,1.2987,0.5577,0.1731,6.5385
642,1,0.1174,0.0072,1.2965,0.6139,0.1980,6.3267
643,1,0.1031,0.0068,1.3200,0.5794,0.2460,6.3968
644,1,0.0920,0.0062,1.2903,0.5490,0.2353,6.4608
645,1,0.1155,0.0070,1.2639,0.6857,0.2190,6.7238
646,1,0.1244,0.0088,1.2709,0.6780,0.2119,6.2203
647,1,0.1149,0.0062,1.3055,0.5941,0.1683,6.2475
648,1,0.1174,0.0088,1.2572,0.5818,0.1545,6.3000
649,1,0.1032,0.0062,1.2457,0.6522,0.1826,6.4609
650,1,0.1216,0.0040,1.2680,0.7647,0.1078,6.7157
651,1,0.1193,0.0057,1.2862,0.6721,0.1803,6.4262
652,1,0.1123,0.0068,1.2891,0.6071,0.1518,6.3482
653,1,0.1119,0.0053,1.3041,0.6731,0.1827,6.4423
654,1,0.1232,0.0071,1.2962,0.4909,0.1000,6.5364
655,1,0.1001,0.0065,1.2714,0.6190,0.1048,6.4190
656,1,0.0855,0.0082,1.2666,0.6050,0.1008,6.3613
657,1,0.1348,0.0094,1.2605,0.6239,0.2051,6.5214
658,1,0.1199,0.0055,1.2740,0.6389,0.1852,6.3056
659,1,0.1115,0.0072,1.2438,0.6870,0.2261,6.5217
660,1,0.1219,0.0080,1.2563,0.6263,0.1313,6.4141
661,1,0.1079,0.0076,1.2861,0.7083,0.1833,6.3833
662,1,0.1150,0.0061,1.3069,0.6538,0.1923,6.3942
663,1,0.1085,0.0046,1.3081,0.6311,0.2524,6.4272
664,1,0.0964,0.0065,1.2800,0.6167,0.2167,6.3750
665,1,0.0978,0.0070,1.2932,0.7049,0.0984,6.5738
666,1,0.0951,0.0052,1.2309,0.6632,0.2421,6.5579
667,1,0.1012,0.0057,1.2479,0.5982,0.1875,6.7321
668,1,0.0999,0.0060,1.2616,0.6442,0.1731,6.8462
669,1,0.1011,0.0052,1.2972,0.5310,0.1770,6.1593
670,1,0.0998,0.0059,1.3049,0.5246,0.1557,6.2459
671,1,0.1073,0.0057,1.2888,0.5050,0.1683,6.3069
672,1,0.1288,0.0077,1.2559,0.7000,0.1333,6.2333
673,1,0.1078,0.0078,1.3077,0.5963,0.2294,6.5413
674,1,0.1320,0.0077,1.2841,0.7321,0.1518,6.2589
675,1,0.1356,0.0077,1.3316,0.4952,0.2190,6.5714
676,1,0.1115,0.0068,1.2678,0.6505,0.1748,6.6311
677,1,0.0889,0.0052,1.2760,0.6949,0.1864,6.6356
678,1,0.0996,0.0054,1.2945,0.6196,0.1630,6.6848
679,1,0.1227,0.0086,1.2670,0.6261,0.1565,6.6087
680,1,0.1071,0.0051,1.2620,0.6455,0.2000,6.5818
681,1,0.0896,0.0059,1.2908,0.6847,0.1261,6.1351
682,1,0.0841,0.0073,1.2889,0.6579,0.1491,6.3509
683,1,0.0953,0.0055,1.2528,0.6471,0.1275,6.6765
684,1,0.1113,0.0061,1.2482,0.6891,0.1345,6.5966
685,1,0.1203,0.0074,1.3157,0.7228,0.1881,6.7228
686,1,0.1329,0.0069,1.2850,0.5263,0.2281,6.3246
687,1,0.1130,0.0082,1.2701,0.6903,0.1593,6.3363
688,1,0.1209,0.0070,1.2745,0.6724,0.2069,6.4569
689,1,0.0862,0.0067,1.2651,0.6931,0.1089,6.5743
690,1,0.0941,0.0072,1.2772,0.5273,0.2091,6.2909
691,1,0.1099,0.0063,1.2703,0.6810,0.1983,6.7414
692,1,0.1175,0.0035,1.2814,0.5604,0.1868,6.7473
693,1,0.1175,0.0060,1.2513,0.6694,0.1074,6.6198
694,1,0.1164,0.0066,1.2704,0.6838,0.1368,6.5385
695,1,0.1185,0.0059,1.2828,0.7692,0.1442,6.2308
696,1,0.1277,0.0054,1.3038,0.6132,0.1698,6.5283
697,1,0.0993,0.0076,1.2641,0.5660,0.2075,6.3774
698,1,0.1055,0.0070,1.2885,0.6415,0.2170,6.5755
699,1,0.1043,0.0066,1.2733,0.5271,0.1318,6.3023
700,1,0.1464,0.0082,1.2851,0.5327,0.2243,6.4860
701,1,0.1100,0.0057,1.2725,0.5701,0.1776,6.5981
702,1,0.1096,0.0066,1.2774,0.6228,0.2018,6.4386
703,1,0.1165,0.0067,1.2959,0.6923,0.2404,6.5096
704,1,0.0980,0.0077,1.2638,0.5478,0.1565,6.5304
705,1,0.1030,0.0078,1.2702,0.6636,0.1545,6.3273
706,1,0.1220,0.0081,1.2942,0.6885,0.2213,6.4426
707,1,0.1253,0.0063,1.2977,0.5914,0.1828,6.3011
708,1,0.1124,0.0063,1.2393,0.6372,0.1327,6.3805
709,1,0.0934,0.0078,1.2670,0.6250,0.1696,6.5893
710,1,0.1213,0.0067,1.3072,0.6583,0.2167,6.6167
711,1,0.0860,0.0065,1.2876,0.7625,0.1875,6.5500
712,1,0.1019,0.0066,1.2404,0.5532,0.1135,6.3759
713,1,0.1153,0.0079,1.2656,0.5714,0.2088,6.4505
714,1,0.1043,0.0071,1.2682,0.5606,0.2045,6.3939
715,1,0.1072,0.0066,1.2891,0.5979,0.1753,6.4330
716,1,0.1015,0.0052,1.2834,0.6210,0.2097,6.5726
717,1,0.1067,0.0058,1.2817,0.4742,0.1340,6.5361
718,1,0.1391,0.0087,1.3378,0.5361,0.1340,6.2371
719,1,0.1236,0.0071,1.2749,0.5333,0.1852,6.3185
720,1,0.1128,0.0044,1.3130,0.6458,0.1979,6.4583
721,1,0.1038,0.0082,1.2894,0.5536,0.1071,6.2679
722,1,0.0971,0.0067,1.2696,0.5676,0.1982,6.6216
723,1,0.1204,0.0094,1.2889,0.5714,0.1810,6.4857
724,1,0.0982,0.0065,1.3267,0.5667,0.1667,6.1750
725,1,0.0913,0.0073,1.2834,0.7179,0.2051,6.2479
726,1,0.1205,0.0068,1.2553,0.6296,0.1759,6.3889
727,1,0.1083,0.0055,1.2818,0.7358,0.1792,6.4528
728,1,0.1090,0.0052,1.3184,0.6777,0.1240,6.2562
729,1,0.1191,0.0064,1.2647,0.5203,0.1463,6.3171
730,1,0.0913,0.0059,1.2893,0.7755,0.1939,6.2653
731,1,0.1132,0.0056,1.2682,0.6327,0.1531,6.3367
732,1,0.1162,0.0061,1.3465,0.6148,0.1556,6.3556
733,1,0.1232,0.0061,1.2775,0.5714,0.2286,6.6667
734,1,0.1108,0.0070,1.2425,0.6000,0.2182,6.4455
735,1,0.1225,0.0077,1.2523,0.7018,0.1404,6.4474
736,1,0.1139,0.0074,1.2766,0.5437,0.1942,6.5049
737,1,0.1226,0.0069,1.2693,0.6174,0.1217,6.2957
738,1,0.0924,0.0062,1.2908,0.6337,0.1881,6.7723
739,1,0.1150,0.0074,1.2744,0.5868,0.1983,6.4793
740,1,0.0912,0.0054,1.2578,0.7379,0.1359,6.4757
741,1,0.1120,0.0078,1.2654,0.6218,0.2101,6.3866
742,1,0.1150,0.0066,1.2800,0.6869,0.2222,6.6061
743,1,0.1347,0.0076,1.2921,0.5690,0.1724,6.4224
744,1,0.1193,0.0053,1.2453,0.6465,0.1212,6.5556
745,1,0.1143,0.0067,1.2910,0.6016,0.1406,6.1328
746,1,0.1131,0.0075,1.2712,0.6598,0.1753,6.4124
747,1,0.1272,0.0085,1.2596,0.6774,0.1613,6.2661
748,1,0.1123,0.0054,1.2753,0.6140,0.1930,6.4912
749,1,0.1052,0.0058,1.2789,0.7723,0.1980,6.6634
750,1,0.0926,0.0066,1.2608,0.6772,0.1890,6.5276
751,1,0.1099,0.0065,1.2899,0.7340,0.1489,6.6277
752,1,0.1037,0.0070,1.2639,0.7797,0.2034,6.2373
753,1,0.1084,0.0061,1.2876,0.6818,0.1136,6.8295
754,1,0.1152,0.0085,1.3129,0.5954,0.1908,6.4504
755,1,0.1040,0.0075,1.2823,0.6117,0.1456,6.2816
756,1,0.1385,0.0063,1.2871,0.6228,0.1667,6.5175
757,1,0.1055,0.0071,1.2949,0.5833,0.2292,6.3229
758,1,0.1338,0.0086,1.2728,0.6387,0.1345,6.3529
759,1,0.1185,0.0064,1.3112,0.5043,0.1391,6.0522
760,1,0.1030,0.0077,1.2616,0.5500,0.1300,6.2900
761,1,0.1209,0.0071,1.2915,0.6535,0.2126,6.5118
762,1,0.1106,0.0076,1.2280,0.5872,0.2018,6.6881
763,1,0.1106,0.0073,1.2704,0.6392,0.1959,6.7423
764,1,0.1250,0.0063,1.2958,0.5691,0.1057,6.4715
765,1,0.1314,0.0075,1.2889,0.6990,0.1650,6.6117
766,1,0.1306,0.0066,1.2768,0.6491,0.1667,6.2719
767,1,0.1224,0.0051,1.2676,0.7027,0.2793,6.8198
768,1,0.0993,0.0061,1.2532,0.7248,0.1468,6.6972
769,1,0.1067,0.0054,1.2786,0.7174,0.1957,6.6630
770,1,0.0955,0.0062,1.2634,0.5902,0.1230,6.2951
771,1,0.0894,0.0064,1.2700,0.7870,0.1852,6.5370
772,1,0.1096,0.0063,1.2867,0.6837,0.1633,6.6939
773,1,0.1136,0.0056,1.3453,0.5854,0.1545,6.2764
774,1,0.1174,0.0058,1.2835,0.5310,0.1239,6.5133
775,1,0.1362,0.0046,1.2501,0.6182,0.2182,6.4636
776,1,0.1074,0.0086,1.2679,0.5429,0.1619,6.4000
777,1,0.1291,0.0085,1.3196,0.5351,0.1842,6.0877
778,1,0.0991,0.0053,1.2791,0.5586,0.2252,5.9910
779,1,0.1019,0.0084,1.2970,0.5424,0.1525,6.2373
780,1,0.1077,0.0059,1.3145,0.5739,0.2174,6.3826
781,1,0.1291,0.0056,1.2806,0.6796,0.1845,6.4175
782,1,0.1073,0.0091,1.2716,0.5528,0.1545,6.1870
783,1,0.1066,0.0072,1.2823,0.5638,0.1170,6.1489
784,1,0.1093,0.0060,1.2928,0.6129,0.2016,6.6210
785,1,0.1222,0.0058,1.3007,0.5825,0.1262,6.5049
786,1,0.1470,0.0103,1.2561,0.5333,0.1833,6.3083
787,1,0.1241,0.0096,1.2674,0.5577,0.0962,6.0577
788,1,0.1301,0.0059,1.2814,0.7436,0.1966,6.8120
789,1,0.1211,0.0086,1.3031,0.6214,0.1359,6.2039
790,1,0.0974,0.0055,1.2651,0.5702,0.1667,6.3860
791,1,0.1142,0.0066,1.2952,0.4528,0.1415,6.4434
792,1,0.0891,0.0066,1.2967,0.5520,0.1760,6.3120
793,1,0.1136,0.0058,1.2867,0.5545,0.1881,6.6634
794,1,0.1019,0.0054,1.2218,0.6481,0.1944,6.4630
795,1,0.0914,0.0056,1.2517,0.5714,0.2054,6.3929
796,1,0.1180,0.0083,1.2421,0.7395,0.1261,6.6723
797,1,0.0906,0.0066,1.2691,0.6606,0.2110,6.6330
798,1,0.1089,0.0075,1.2552,0.5306,0.2245,6.2143
799,1,0.1036,0.0078,1.2814,0.7054,0.1240,6.4341
800,1,0.1285,0.0076,1.2817,0.5741,0.1667,6.1944
801,1,0.0982,0.0083,1.2691,0.6019,0.1759,6.4444
802,1,0.1198,0.0058,1.3272,0.6552,0.1724,6.0690
803,1,0.1197,0.0055,1.2767,0.6667,0.1481,6.4352
804,1,0.1145,0.0065,1.2735,0.5575,0.1327,6.4425
805,1,0.1182,0.0067,1.2668,0.6727,0.1636,6.5909
806,1,0.1033,0.0042,1.2837,0.7541,0.2459,6.6475
807,1,0.1054,0.0065,1.2575,0.6768,0.1515,6.5657
808,1,0.1153,0.0081,1.2366,0.5728,0.1068,6.6117
809,1,0.1211,0.0078,1.3084,0.5508,0.2203,6.2288
810,1,0.1305,0.0070,1.2876,0.5982,0.1696,6.3661
811,1,0.1256,0.0084,1.3120,0.5678,0.1525,6.2881
812,1,0.1059,0.0039,1.3036,0.6161,0.2768,6.3839
813,1,0.1057,0.0064,1.3070,0.6304,0.1739,6.2174
814,1,0.1180,0.0070,1.2755,0.6535,0.1811,6.3701
815,1,0.0917,0.0069,1.2603,0.6435,0.2000,6.5130
816,1,0.1038,0.0050,1.2560,0.6832,0.1881,6.4158
817,1,0.1181,0.0079,1.3281,0.6250,0.2019,6.5192
818,1,0.0941,0.0047,1.2864,0.6216,0.1441,6.3514
819,1,0.1025,0.0079,1.3088,0.6160,0.2000,6.4800
820,1,0.1124,0.0052,1.2491,0.5347,0.1683,6.5743
821,1,0.1133,0.0080,1.3092,0.6174,0.1739,6.2261
822,1,0.0908,0.0067,1.3018,0.6455,0.1909,6.4091
823,1,0.1115,0.0074,1.3012,0.6250,0.1917,6.1833
824,1,0.0999,0.0054,1.2464,0.6538,0.1923,6.3750
825,1,0.1029,0.0071,1.2714,0.6250,0.1750,6.5000
826,1,0.1045,0.0060,1.2962,0.5806,0.1183,6.3226
827,1,0.1437,0.0089,1.2920,0.5984,0.1260,6.2992
828,1,0.0994,0.0067,1.2861,0.4322,0.1271,6.3305
829,1,0.1068,0.0067,1.2844,0.5849,0.1698,6.4623
830,1,0.1022,0.0057,1.3077,0.6810,0.1379,6.3966
831,1,0.1114,0.0038,1.2922,0.6667,0.1556,6.9444
832,1,0.1006,0.0049,1.2877,0.5524,0.2286,6.5238
833,1,0.1142,0.0046,1.2591,0.6207,0.1638,6.1638
834,1,0.1341,0.0090,1.2641,0.6829,0.1870,6.2602
835,1,0.1272,0.0089,1.2710,0.6000,0.2000,6.0571
836,1,0.1074,0.0061,1.2819,0.5462,0.1308,6.3692
837,1,0.1047,0.0059,1.2836,0.7356,0.1724,6.3333
838,1,0.1168,0.0060,1.2906,0.6090,0.1654,6.1805
839,1,0.1214,0.0087,1.2649,0.6408,0.1942,6.5049
840,1,0.1039,0.0064,1.3013,0.6364,0.2000,6.1909
841,1,0.0910,0.0085,1.2627,0.7383,0.1495,6.7757
842,1,0.1214,0.0072,1.2720,0.5528,0.1545,6.1789
843,1,0.0815,0.0070,1.3006,0.5773,0.1340,6.3196
844,1,0.1451,0.0093,1.2686,0.6772,0.1654,6.4252
845,1,0.1276,0.0076,1.2632,0.6800,0.1800,6.4700
846,1,0.1102,0.0075,1.2645,0.8017,0.2586,6.5000
847,1,0.1022,0.0071,1.2403,0.6226,0.1604,6.4623
848,1,0.1083,0.0075,1.3141,0.7241,0.2241,6.2845
849,1,0.1002,0.0069,1.3084,0.6389,0.2037,6.6481
850,1,0.0951,0.0061,1.2373,0.6476,0.3048,6.5524
851,1,0.1186,0.0074,1.3016,0.5556,0.2222,6.3675
852,1,0.0818,0.0072,1.2873,0.8108,0.2072,6.5586
853,1,0.0933,0.0063,1.3155,0.6250,0.1923,6.4808
854,1,0.1084,0.0079,1.2386,0.6881,0.2110,6.7431
855,1,0.1063,0.0067,1.2815,0.6442,0.2115,6.2692
856,1,0.1084,0.0058,1.2827,0.5873,0.2063,6.5714
857,1,0.1037,0.0071,1.2738,0.6277,0.1383,6.4681
858,1,0.1348,0.0091,1.2739,0.6860,0.1405,6.0496
859,1,0.1262,0.0073,1.2604,0.7087,0.1339,6.3307
860,1,0.1097,0.0061,1.2673,0.6939,0.2245,6.2449
861,1,0.1471,0.0101,1.2291,0.7265,0.1368,6.2906
862,1,0.1037,0.0075,1.2498,0.6465,0.1818,6.3333
863,1,0.1004,0.0072,1.2685,0.6957,0.1478,6.3478
864,1,0.1172,0.0083,1.2659,0.6161,0.2411,6.3750
865,1,0.1202,0.0070,1.2648,0.7627,0.2203,6.7542
866,1,0.1126,0.0070,1.3040,0.6226,0.2453,6.1038
867,1,0.1184,0.0057,1.3043,0.5603,0.1552,6.3362
868,1,0.1187,0.0068,1.2649,0.6200,0.1700,6.3700
869,1,0.1083,0.0077,1.2660,0.6640,0.1200,6.2320
870,1,0.0854,0.0051,1.2538,0.6596,0.2553,6.5106
871,1,0.1001,0.0081,1.2729,0.5725,0.1603,6.2824
872,1,0.1096,0.0081,1.2720,0.5778,0.1333,6.3444
873,1,0.1368,0.0066,1.2821,0.6525,0.1702,6.2837
874,1,0.1168,0.0071,1.2740,0.5938,0.1562,6.5521
875,1,0.1052,0.0082,1.2758,0.8421,0.2211,6.8105
876,1,0.1058,0.0057,1.2603,0.6923,0.1795,6.7778
877,1,0.1258,0.0076,1.2992,0.6552,0.2069,6.2328
878,1,0.0996,0.0049,1.2854,0.6387,0.1092,6.4622
879,1,0.0981,0.0079,1.2714,0.7363,0.2308,6.2747
880,1,0.0896,0.0061,1.2967,0.5185,0.1296,6.2685
881,1,0.0764,0.0076,1.2908,0.5891,0.1860,6.2016
882,1,0.0791,0.0079,1.2690,0.6792,0.2075,6.4245
883,1,0.1103,0.0080,1.2798,0.5520,0.2400,6.3200
884,1,0.0850,0.0065,1.2969,0.5644,0.1782,6.4554
885,1,0.1090,0.0056,1.2967,0.6983,0.1810,6.3276
886,1,0.1047,0.0061,1.2784,0.5946,0.2703,6.3243
887,1,0.1018,0.0059,1.2381,0.7400,0.2300,6.5600
888,1,0.1197,0.0081,1.2653,0.6829,0.1870,6.3333
889,1,0.0934,0.0067,1.2674,0.7944,0.2150,6.5047
890,1,0.1084,0.0080,1.2515,0.6549,0.1681,6.3805
891,1,0.1197,0.0081,1.2726,0.7091,0.2091,6.5818
892,1,0.0977,0.0056,1.2829,0.5918,0.2755,6.6224
893,1,0.1263,0.0106,1.2638,0.7105,0.1667,6.3509
894,1,0.1000,0.0071,1.2813,0.6699,0.2136,6.2816
895,1,0.1158,0.0048,1.2831,0.6446,0.2149,6.2727
896,1,0.1298,0.0079,1.2796,0.5189,0.1698,6.7358
897,1,0.1101,0.0088,1.2556,0.5913,0.2000,6.1739
898,1,0.0957,0.0059,1.3042,0.6423,0.3333,6.2927
899,1,0.0940,0.0076,1.2708,0.7037,0.1296,6.3981
900,1,0.0968,0.0058,1.3049,0.7526,0.2784,6.7835
901,1,0.1250,0.0050,1.3147,0.5804,0.1607,6.4018
902,1,0.1033,0.0069,1.2787,0.6897,0.1379,6.1638
903,1,0.1397,0.0086,1.2664,0.5714,0.1429,6.2321
904,1,0.1056,0.0066,1.2712,0.5657,0.1616,6.2828
905,1,0.1279,0.0061,1.2889,0.6667,0.2137,6.6410
906,1,0.1323,0.0056,1.2982,0.7304,0.1391,6.6870
907,1,0.1149,0.0062,1.2811,0.5049,0.2427,6.4369
908,1,0.1180,0.0059,1.2722,0.5887,0.1855,6.1048
909,1,0.1100,0.0035,1.3115,0.7048,0.1810,6.4571
910,1,0.1129,0.0072,1.3020,0.5965,0.2544,6.2281
911,1,0.1197,0.0088,1.2513,0.7364,0.2093,6.4186
912,1,0.1244,0.0042,1.2593,0.5426,0.2128,6.7872
913,1,0.1206,0.0058,1.3055,0.5351,0.2018,6.2807
914,1,0.1247,0.0081,1.2522,0.6019,0.2037,6.7407
915,1,0.1200,0.0057,1.2652,0.7387,0.2072,6.4414
916,1,0.1033,0.0068,1.3142,0.6019,0.1456,6.4272
917,1,0.1319,0.0078,1.2736,0.6348,0.1391,6.0000
918,1,0.0969,0.0071,1.2914,0.4839,0.1290,6.5484
919,1,0.1023,0.0072,1.2700,0.7158,0.1158,6.5368
920,1,0.1390,0.0074,1.2701,0.6855,0.1129,6.4516
921,1,0.1083,0.0081,1.2780,0.6239,0.1927,6.6239
922,1,0.0968,0.0069,1.2556,0.6436,0.2178,6.5842
923,1,0.1052,0.0046,1.2545,0.6566,0.1919,6.6869
924,1,0.1248,0.0062,1.2893,0.6891,0.1849,6.6303
925,1,0.1130,0.0063,1.2710,0.5575,0.1239,6.3894
926,1,0.1100,0.0074,1.2434,0.6518,0.1250,6.5000
927,1,0.1412,0.0053,1.2592,0.6696,0.2000,6.5826
928,1,0.0795,0.0066,1.2488,0.8723,0.1489,7.0851
929,1,0.0981,0.0075,1.2737,0.7048,0.1524,6.6952
930,1,0.1024,0.0069,1.2743,0.7407,0.1944,6.7407
931,1,0.1057,0.0076,1.3031,0.6182,0.1909,6.2727
932,1,0.1040,0.0067,1.2814,0.5847,0.2627,6.5932
933,1,0.1062,0.0080,1.3084,0.6465,0.2424,6.4848
934,1,0.1116,0.0064,1.2676,0.5877,0.1316,6.4561
935,1,0.1102,0.0032,1.2643,0.6262,0.1589,6.5421
936,1,0.1119,0.0091,1.2720,0.6032,0.2222,6.2222
937,1,0.1088,0.0063,1.2983,0.6170,0.2021,6.5426
938,1,0.1077,0.0063,1.2619,0.6190,0.1905,6.5317
939,1,0.0976,0.0059,1.2915,0.6505,0.2039,6.3107
940,1,0.1083,0.0063,1.2603,0.6733,0.1683,6.1584
941,1,0.1071,0.0069,1.2707,0.6457,0.1417,6.4016
942,1,0.1011,0.0063,1.2542,0.6203,0.1266,6.7848
943,1,0.1147,0.0067,1.3001,0.6338,0.1197,6.4577
944,1,0.1112,0.0086,1.2900,0.7143,0.1837,6.4796
945,1,0.1210,0.0082,1.2761,0.7236,0.1220,6.5366
946,1,0.1212,0.0074,1.3276,0.6907,0.1237,6.4845
947,1,0.1324,0.0086,1.2656,0.5128,0.1880,6.3504
948,1,0.1060,0.0073,1.2902,0.5676,0.1261,6.5766
949,1,0.1311,0.0073,1.2445,0.6587,0.1905,6.3016
950,1,0.0854,0.0064,1.3148,0.7111,0.1444,6.3778
951,1,0.1031,0.0063,1.3005,0.5922,0.1359,6.2233
952,1,0.1169,0.0062,1.2659,0.6788,0.1752,6.2117
953,1,0.0996,0.0057,1.2457,0.7981,0.2115,6.7788
954,1,0.1083,0.0052,1.3014,0.7426,0.1386,6.5347
955,1,0.1212,0.0076,1.2869,0.5714,0.1429,6.2857
956,1,0.1044,0.0055,1.2934,0.5900,0.1900,6.1400
957,1,0.1198,0.0065,1.2852,0.6772,0.1496,6.3465
958,1,0.1045,0.0061,1.2729,0.8125,0.1964,6.4732
959,1,0.1047,0.0060,1.2423,0.7170,0.1981,6.3774
960,1,0.0948,0.0062,1.2902,0.5495,0.2523,6.3694
961,1,0.1308,0.0079,1.3044,0.7037,0.1481,6.3981
962,1,0.1162,0.0066,1.2875,0.5495,0.1532,6.1261
963,1,0.1136,0.0074,1.2870,0.5615,0.1923,6.4154
964,1,0.0898,0.0064,1.2640,0.5294,0.2255,6.3039
965,1,0.1085,0.0077,1.2707,0.6083,0.2417,6.6500
966,1,0.1126,0.0065,1.2986,0.5333,0.1238,6.5619
967,1,0.1065,0.0069,1.2873,0.6263,0.1515,6.6869
968,1,0.1068,0.0075,1.2630,0.6518,0.1964,6.5179
969,1,0.1142,0.0072,1.2639,0.6857,0.1905,6.4571
970,1,0.1111,0.0056,1.2595,0.6410,0.1538,6.5897
971,1,0.1145,0.0076,1.3251,0.6182,0.1636,6.3273
972,1,0.0899,0.0069,1.2971,0.6852,0.1667,6.4167
973,1,0.1130,0.0063,1.3082,0.5437,0.1068,6.3495
974,1,0.1205,0.0054,1.2965,0.5932,0.1610,6.6271
975,1,0.1110,0.0061,1.3231,0.5660,0.1981,6.6038
976,1,0.0868,0.0060,1.2553,0.6979,0.1875,6.7917
977,1,0.1181,0.0063,1.2849,0.8522,0.2174,6.8087
978,1,0.0947,0.0058,1.2937,0.7679,0.1964,6.2411
979,1,0.1290,0.0072,1.2802,0.5918,0.1837,6.3061
980,1,0.1383,0.0063,1.2769,0.6917,0.1417,6.6583
981,1,0.1026,0.0070,1.3008,0.6218,0.1597,6.4454
982,1,0.1015,0.0075,1.2841,0.6373,0.1373,6.5490
983,1,0.1138,0.0052,1.3053,0.7476,0.1650,6.6602
984,1,0.1473,0.0072,1.2821,0.7193,0.2895,6.7982
985,1,0.0950,0.0073,1.2362,0.6804,0.1546,6.5258
986,1,0.1285,0.0078,1.2615,0.6033,0.1240,6.4463
987,1,0.1115,0.0060,1.3096,0.6442,0.1923,6.5865
988,1,0.1066,0.0063,1.2912,0.6857,0.1524,6.1714
989,1,0.1123,0.0057,1.2633,0.6565,0.1221,6.3130
990,1,0.1046,0.0078,1.2888,0.6162,0.2525,6.2020
991,1,0.1096,0.0063,1.3076,0.6822,0.1705,6.3488
992,1,0.1171,0.0070,1.2423,0.5543,0.1957,6.2717
993,1,0.1239,0.0080,1.2633,0.7679,0.1607,6.6607
994,1,0.1169,0.0056,1.3405,0.6512,0.1705,6.2791
995,1,0.0890,0.0054,1.2812,0.5889,0.2000,6.2667
996,1,0.1299,0.0081,1.3057,0.5714,0.2331,6.3233
997,1,0.1203,0.0085,1.2982,0.5556,0.1778,6.2667
998,1,0.1219,0.0061,1.2196,0.5888,0.1308,6.3458
999,1,0.1172,0.0076,1.3144,0.6639,0.1393,6.2377
1000,1,0.0960,0.0060,1.2605,0.6147,0.1835,6.4679
1001,1,0.1013,0.0066,1.3087,0.6034,0.1983,6.5690
1002,1,0.1144,0.0072,1.2839,0.6476,0.1619,6.4571
1003,1,0.1316,0.0081,1.2864,0.6053,0.0965,6.5439
1004,1,0.0903,0.0073,1.2785,0.6696,0.1696,6.2500
1005,1,0.1125,0.0055,1.2914,0.5391,0.2174,6.6348
1006,1,0.1124,0.0081,1.2737,0.6339,0.1607,6.1518
1007,1,0.1151,0.0077,1.3130,0.5982,0.3393,6.2500
1008,1,0.1106,0.0060,1.2863,0.6436,0.1683,6.6535
1009,1,0.1160,0.0083,1.2848,0.6716,0.1866,6.3582
1010,1,0.1071,0.0069,1.2857,0.5842,0.2079,6.3663
1011,1,0.1474,0.0083,1.2710,0.7077,0.1462,6.4538
1012,1,0.1020,0.0072,1.2715,0.7273,0.1136,6.3523
1013,1,0.0974,0.0052,1.2743,0.8333,0.1759,6.8704
1014,1,0.0918,0.0060,1.2370,0.7188,0.0729,6.7292
1015,1,0.1196,0.0083,1.2920,0.6250,0.1875,6.6875
1016,1,0.1048,0.0066,1.2697,0.5882,0.1765,6.6078
1017,1,0.1197,0.0057,1.2735,0.6667,0.1667,6.5648
1018,1,0.0989,0.0080,1.3042,0.5966,0.2269,6.1933
1019,1,0.0943,0.0057,1.2404,0.8182,0.2424,6.7879
1020,1,0.1187,0.0064,1.2913,0.6299,0.1811,6.2283
1021,1,0.1236,0.0059,1.2573,0.5500,0.1800,6.6300
1022,1,0.1203,0.0075,1.2955,0.4949,0.1818,6.6061
1023,1,0.1278,0.0083,1.2637,0.6667,0.1417,6.5417
1024,1,0.0906,0.0067,1.2790,0.6337,0.1683,6.4554
1025,1,0.1325,0.0083,1.2658,0.7120,0.2320,6.6000
1026,1,0.1056,0.0043,1.2782,0.8400,0.2200,6.6900
1027,1,0.1112,0.0080,1.2924,0.7019,0.1538,6.5673
1028,1,0.1269,0.0090,1.2705,0.7105,0.1667,6.3421
1029,1,0.0988,0.0062,1.2817,0.7019,0.1731,6.6538
1030,1,0.1203,0.0083,1.2861,0.6667,0.2093,6.4264
1031,1,0.1222,0.0050,1.2983,0.6939,0.2347,6.5306
1032,1,0.1087,0.0057,1.2977,0.5495,0.2072,6.2072
1033,1,0.0817,0.0054,1.2728,0.7368,0.2105,6.6842
1034,1,0.1095,0.0057,1.2795,0.6607,0.2321,6.4464
1035,1,0.1117,0.0050,1.2961,0.5275,0.1758,6.5824
1036,1,0.1187,0.0055,1.2732,0.6435,0.2348,6.4087
1037,1,0.1173,0.0076,1.2742,0.7054,0.2411,6.0804
1038,1,0.1216,0.0083,1.2994,0.6961,0.1176,6.6765
1039,1,0.1184,0.0078,1.2733,0.7087,0.1732,6.2362
1040,1,0.1017,0.0067,1.2423,0.7525,0.1485,6.4851
1041,1,0.1234,0.0089,1.2940,0.6639,0.1933,6.3109
1042,1,0.0924,0.0047,1.2910,0.6250,0.1635,6.2692
1043,1,0.1093,0.0052,1.3021,0.6126,0.1712,6.2883
1044,1,0.1364,0.0091,1.2857,0.5913,0.2000,6.1565
1045,1,0.1070,0.0077,1.2907,0.6207,0.1724,6.4741
1046,1,0.1003,0.0077,1.2572,0.6864,0.1441,6.6695
1047,1,0.1307,0.0029,1.2599,0.6105,0.2316,6.6421
1048,1,0.1269,0.0070,1.2952,0.6195,0.1681,6.3717
1049,1,0.0969,0.0047,1.2773,0.6214,0.1359,6.3495
1050,1,0.1055,0.0051,1.2776,0.7742,0.1855,6.5161
1051,1,0.1123,0.0076,1.2858,0.6731,0.1923,6.4423
1052,1,0.1072,0.0049,1.2865,0.6742,0.1236,6.2921
1053,1,0.0934,0.0078,1.2884,0.5594,0.1259,6.4476
1054,1,0.1148,0.0052,1.2690,0.7053,0.2632,6.7474
1055,1,0.1222,0.0060,1.2563,0.6415,0.1226,6.5755
1056,1,0.1076,0.0047,1.3028,0.5528,0.1870,6.3821
1057,1,0.0964,0.0071,1.2907,0.5872,0.1835,6.3028
1058,1,0.1188,0.0071,1.2927,0.6017,0.1610,6.3644
1059,1,0.1167,0.0079,1.2918,0.6111,0.2407,6.5556
1060,1,0.1189,0.0069,1.2897,0.5780,0.1468,6.3670
1061,1,0.1164,0.0069,1.3385,0.6182,0.1000,6.2364
1062,1,0.0882,0.0055,1.2903,0.6154,0.2500,6.5385
1063,1,0.1280,0.0047,1.3001,0.5172,0.1121,6.3276
1064,1,0.1266,0.0056,1.2802,0.5840,0.1280,6.4240
1065,1,0.0988,0.0047,1.2686,0.6556,0.2778,6.4889
1066,1,0.1209,0.0083,1.2841,0.6587,0.1508,6.4841
1067,1,0.0905,0.0071,1.2657,0.6364,0.2121,6.7576
1068,1,0.0968,0.0072,1.2692,0.6972,0.1927,6.4312
1069,1,0.1010,0.0070,1.2850,0.7876,0.1681,6.5664
1070,1,0.1225,0.0064,1.2250,0.6316,0.0877,6.4211
1071,1,0.1043,0.0072,1.2844,0.6542,0.1589,6.4112
1072,1,0.1110,0.0075,1.3104,0.5849,0.0943,6.5472
1073,1,0.0949,0.0059,1.2760,0.6729,0.1215,6.3925
1074,1,0.1177,0.0079,1.2947,0.6742,0.1742,6.2803
1075,1,0.1115,0.0044,1.2911,0.6162,0.2323,6.4848
1076,1,0.1230,0.0078,1.2836,0.5769,0.1058,6.6442
1077,1,0.0978,0.0061,1.2782,0.7227,0.1429,6.6218
1078,1,0.0843,0.0067,1.2789,0.6542,0.1682,6.3364
1079,1,0.1000,0.0066,1.2589,0.7075,0.2170,6.5377
1080,1,0.1158,0.0081,1.2575,0.6408,0.1650,6.3786
1081,1,0.1209,0.0085,1.2858,0.7615,0.1560,6.5046
1082,1,0.1276,0.0092,1.3097,0.6552,0.1379,6.5086
1083,1,0.1297,0.0066,1.2865,0.6667,0.2033,6.3902
1084,1,0.1222,0.0065,1.3003,0.5686,0.2353,6.1373
1085,1,0.1368,0.0080,1.2972,0.5785,0.1983,6.3554
1086,1,0.0942,0.0060,1.2735,0.6140,0.2544,6.2807
1087,1,0.1087,0.0060,1.3154,0.5100,0.2200,6.4100
1088,1,0.1053,0.0064,1.2666,0.6500,0.2167,6.5417
1089,1,0.1104,0.0072,1.2770,0.8119,0.2079,6.6139
1090,1,0.1231,0.0070,1.2635,0.6040,0.1782,6.4950
1091,1,0.1005,0.0055,1.3256,0.6055,0.1560,6.4679
1092,1,0.1298,0.0083,1.2647,0.6165,0.1805,6.3534
1093,1,0.1176,0.0075,1.2584,0.6484,0.2527,6.4286
1094,1,0.1248,0.0069,1.3198,0.6454,0.1631,6.2553
1095,1,0.1068,0.0068,1.2974,0.6429,0.1735,6.5510
1096,1,0.1008,0.0057,1.2664,0.5376,0.1613,6.4624
1097,1,0.1094,0.0086,1.2985,0.6116,0.1488,6.4711
1098,1,0.1089,0.0062,1.3010,0.6372,0.2212,6.2566
1099,1,0.1050,0.0073,1.2836,0.5000,0.1667,6.2647
1100,1,0.0998,0.0052,1.2697,0.6542,0.2523,6.5701
1101,1,0.1205,0.0049,1.2789,0.5738,0.2705,6.5410
1102,1,0.1062,0.0073,1.3009,0.6991,0.2035,6.4425
1103,1,0.0966,0.0072,1.2781,0.7034,0.1525,6.3898
1104,1,0.0994,0.0058,1.2668,0.7113,0.1856,6.3608
1105,1,0.1280,0.0077,1.2970,0.5185,0.1759,6.5556
1106,1,0.1194,0.0088,1.2785,0.6210,0.1935,6.2097
1107,1,0.1185,0.0071,1.2913,0.7059,0.2353,6.3922
1108,1,0.1067,0.0064,1.2936,0.6864,0.2119,6.4576
1109,1,0.1100,0.0071,1.2905,0.4694,0.3061,6.4490
1110,1,0.1022,0.0054,1.3161,0.5115,0.1985,6.2290
1111,1,0.0971,0.0085,1.2509,0.6832,0.2673,6.5941
1112,1,0.1157,0.0083,1.2997,0.5798,0.1176,6.2521
1113,1,0.1242,0.0079,1.2847,0.6154,0.1635,6.2500
1114,1,0.1012,0.0063,1.2761,0.5690,0.2500,6.3879
1115,1,0.1019,0.0081,1.3082,0.6364,0.2020,6.3535
1116,1,0.1068,0.0053,1.2423,0.7105,0.1930,6.7456
1117,1,0.1058,0.0065,1.2886,0.6639,0.1765,6.3277
1118,1,0.1039,0.0076,1.2618,0.4878,0.2114,6.2846
1119,1,0.0836,0.0068,1.2374,0.6437,0.2299,6.5402
1120,1,0.1036,0.0063,1.2661,0.6639,0.0924,6.3361
1121,1,0.1058,0.0080,1.2944,0.6983,0.1724,6.6121
1122,1,0.0988,0.0058,1.2661,0.6832,0.2178,6.5446
1123,1,0.1205,0.0080,1.2766,0.6923,0.1624,6.3248
1124,1,0.1102,0.0059,1.3024,0.6667,0.1892,6.2072
1125,1,0.1009,0.0053,1.2846,0.6000,0.1714,6.1714
1126,1,0.1212,0.0049,1.2933,0.6774,0.1694,6.4194
1127,1,0.1008,0.0070,1.2621,0.6952,0.1524,6.6000
1128,1,0.1377,0.0095,1.2701,0.5481,0.2019,6.5577
1129,1,0.1196,0.0060,1.2595,0.7043,0.1565,6.8348
1130,1,0.1228,0.0076,1.2715,0.6311,0.1748,6.6311
1131,1,0.1272,0.0080,1.2806,0.6614,0.1811,6.4567
1132,1,0.1019,0.0050,1.2730,0.6739,0.1957,6.6630
1133,1,0.1374,0.0050,1.2697,0.4667,0.1917,6.2667
1134,1,0.0932,0.0068,1.2785,0.6771,0.2083,6.6979
1135,1,0.1087,0.0089,1.2548,0.6198,0.0909,6.3223
1136,1,0.1085,0.0072,1.2584,0.6389,0.2037,6.5370
1137,1,0.1049,0.0062,1.2391,0.6475,0.1557,6.5820
1138,1,0.1105,0.0059,1.3393,0.6020,0.2449,6.5612
1139,1,0.1341,0.0028,1.2888,0.5478,0.1217,6.1217
1140,1,0.1290,0.0049,1.3012,0.6182,0.2455,6.6364
1141,1,0.1023,0.0070,1.2536,0.5702,0.1579,6.4825
1142,1,0.1135,0.0055,1.3185,0.6731,0.1827,6.4615
1143,1,0.1074,0.0074,1.3020,0.5739,0.1739,6.1826
1144,1,0.1235,0.0065,1.2960,0.6500,0.1700,6.2300
1145,1,0.1138,0.0054,1.3012,0.5507,0.1594,6.4275
1146,1,0.1056,0.0045,1.2754,0.7614,0.1705,6.4205
1147,1,0.1145,0.0044,1.2755,0.6804,0.1546,6.8866
1148,1,0.1062,0.0068,1.2612,0.6643,0.1399,6.6294
1149,1,0.1092,0.0074,1.2284,0.7843,0.1471,6.8431
1150,1,0.1278,0.0088,1.2706,0.6837,0.1224,6.3061
1151,1,0.1016,0.0078,1.2777,0.7373,0.2034,6.3644
1152,1,0.0934,0.0051,1.2819,0.5556,0.1616,6.4343
1153,1,0.0847,0.0054,1.2685,0.6731,0.1250,6.5385
1154,1,0.0838,0.0077,1.2828,0.6723,0.1513,6.2017
1155,1,0.1072,0.0062,1.2941,0.6230,0.2213,6.5328
1156,1,0.1232,0.0085,1.2515,0.6500,0.1800,6.2900
1157,1,0.1187,0.0074,1.3158,0.6721,0.1967,6.6148
1158,1,0.1015,0.0054,1.2945,0.6449,0.1308,6.3271
1159,1,0.1004,0.0080,1.3080,0.5446,0.1518,6.4286
1160,1,0.1035,0.0079,1.2905,0.5217,0.1565,6.2000
1161,1,0.0924,0.0062,1.2849,0.5743,0.2376,6.3465
1162,1,0.0940,0.0068,1.2585,0.5487,0.1947,6.4336
1163,1,0.1215,0.0066,1.2463,0.7257,0.2124,6.5752
1164,1,0.0886,0.0056,1.2887,0.6389,0.1944,6.4815
1165,1,0.0854,0.0059,1.3044,0.7179,0.1453,6.5983
1166,1,0.1081,0.0076,1.2831,0.6476,0.2095,6.2095
1167,1,0.0971,0.0059,1.2769,0.6111,0.1349,6.3730
1168,1,0.1075,0.0076,1.3016,0.6531,0.2041,6.5102
1169,1,0.1093,0.0048,1.2709,0.6339,0.1607,6.7500
1170,1,0.1156,0.0084,1.2944,0.7281,0.1491,6.3421
1171,1,0.1072,0.0069,1.2978,0.5172,0.1638,6.3448
1172,1,0.1044,0.0065,1.2597,0.6900,0.1500,6.3300
1173,1,0.0986,0.0074,1.2671,0.7179,0.1795,6.2735
1174,1,0.1149,0.0076,1.2711,0.5893,0.1161,6.4196
1175,1,0.1119,0.0072,1.2680,0.7196,0.1682,6.4393
1176,1,0.1044,0.0064,1.2747,0.7207,0.2072,6.4414
1177,1,0.1239,0.0075,1.2779,0.5926,0.1019,6.4722
1178,1,0.1228,0.0062,1.2745,0.6496,0.1880,6.4957
1179,1,0.1120,0.0075,1.2703,0.6505,0.1359,6.4369
1180,1,0.0894,0.0076,1.2425,0.6000,0.1524,6.4286
1181,1,0.1065,0.0075,1.2595,0.6160,0.1200,6.5200
1182,1,0.1084,0.0065,1.2807,0.5780,0.1743,6.1835
1183,1,0.1250,0.0058,1.3025,0.6102,0.2458,6.5763
1184,1,0.0805,0.0062,1.2914,0.6383,0.1915,6.3298
1185,1,0.1142,0.0096,1.2744,0.6098,0.1626,6.5041
1186,1,0.1056,0.0073,1.2793,0.6495,0.1649,6.7010
1187,1,0.1105,0.0087,1.2790,0.6860,0.2810,6.3802
1188,1,0.0908,0.0067,1.2840,0.7172,0.2626,6.4040
1189,1,0.1083,0.0080,1.2764,0.6032,0.1349,6.3254
1190,1,0.1202,0.0079,1.3071,0.5926,0.1296,6.5093
1191,1,0.0916,0.0072,1.2691,0.7048,0.2190,6.6476
1192,1,0.1041,0.0062,1.2918,0.5789,0.2193,6.4912
1193,1,0.1138,0.0072,1.2986,0.5980,0.1667,6.4118
1194,1,0.1035,0.0064,1.2739,0.6667,0.1750,6.5500
1195,1,0.1066,0.0067,1.2949,0.6174,0.1826,6.3652
1196,1,0.0916,0.0061,1.2606,0.6000,0.1545,6.4091
1197,1,0.1155,0.0049,1.3104,0.6303,0.0924,6.3697
1198,1,0.1064,0.0066,1.2724,0.5778,0.2778,6.6111
1199,1,0.1099,0.0076,1.2907,0.6667,0.2143,6.4206
1200,1,0.0965,0.0070,1.2909,0.6355,0.1495,6.3271
1201,1,0.1237,0.0090,1.3028,0.5596,0.1560,6.2752
1202,1,0.1096,0.0063,1.3058,0.6967,0.0984,6.4672
1203,1,0.1179,0.0058,1.2956,0.5865,0.1635,6.7885
1204,1,0.1193,0.0047,1.2802,0.6667,0.1354,6.5000
1205,1,0.1176,0.0077,1.2740,0.6777,0.1736,6.4463
1206,1,0.0851,0.0069,1.3021,0.5888,0.1869,6.0748
1207,1,0.0995,0.0056,1.2945,0.5565,0.1613,6.1774
1208,1,0.1083,0.0063,1.2820,0.7582,0.2198,6.7802
1209,1,0.1329,0.0079,1.2595,0.7000,0.1833,6.3833
1210,1,0.1193,0.0084,1.2896,0.6870,0.2000,6.3217
1211,1,0.1165,0.0046,1.3283,0.5398,0.1416,6.4425
1212,1,0.1021,0.0064,1.2714,0.6667,0.2121,6.1515
1213,1,0.1175,0.0081,1.3217,0.5606,0.1970,6.3409
1214,1,0.1208,0.0062,1.3263,0.5455,0.2273,6.2386
1215,1,0.1330,0.0081,1.2844,0.6061,0.2121,6.4621
1216,1,0.0974,0.0071,1.3046,0.6429,0.1837,6.1735
1217,1,0.1357,0.0080,1.2727,0.6429,0.2381,6.1508
1218,1,0.0998,0.0058,1.3117,0.5104,0.1146,6.2917
1219,1,0.1054,0.0069,1.2711,0.6111,0.1905,6.3016
1220,1,0.0971,0.0051,1.2900,0.6117,0.2816,6.4369
1221,1,0.1199,0.0077,1.2681,0.6972,0.2385,6.4312
1222,1,0.1265,0.0089,1.2817,0.6729,0.1869,6.6075
1223,1,0.1206,0.0064,1.2819,0.5847,0.1949,6.2627
1224,1,0.1001,0.0054,1.2484,0.7200,0.1400,6.4400
1225,1,0.0987,0.0081,1.2918,0.6814,0.1593,6.2655
1226,1,0.1078,0.0077,1.2813,0.6435,0.2348,6.4435
1227,1,0.0927,0.0069,1.2743,0.6484,0.1641,6.2734
1228,1,0.0970,0.0057,1.2996,0.5500,0.2200,6.0900
1229,1,0.1218,0.0076,1.2790,0.5982,0.1518,6.1964
1230,1,0.1034,0.0081,1.2868,0.6410,0.1880,6.2479
1231,1,0.1123,0.0058,1.2420,0.7327,0.1683,6.6337
1232,1,0.1094,0.0073,1.2968,0.6562,0.2109,6.5547
1233,1,0.1188,0.0069,1.2559,0.5776,0.1466,6.5086
1234,1,0.0970,0.0067,1.3047,0.7556,0.1556,6.4556
1235,1,0.1104,0.0073,1.3164,0.6303,0.1513,6.2017
1236,1,0.0987,0.0078,1.2817,0.6545,0.2000,6.4182
1237,1,0.1095,0.0070,1.2739,0.6538,0.1827,6.6058
1238,1,0.1374,0.0101,1.2729,0.6378,0.1181,6.3543
1239,1,0.1148,0.0063,1.2672,0.5926,0.1111,6.4074
1240,1,0.1022,0.0048,1.2765,0.7363,0.1538,6.7143
1241,1,0.0954,0.0075,1.2890,0.6855,0.1855,6.3065
1242,1,0.0883,0.0057,1.2667,0.6667,0.1852,6.6389
1243,1,0.0915,0.0069,1.3009,0.5310,0.1416,6.0885
1244,1,0.1097,0.0076,1.2736,0.5776,0.1897,6.3448
1245,1,0.1111,0.0072,1.3170,0.7677,0.1717,6.5051
1246,1,0.1295,0.0054,1.2975,0.5833,0.1500,6.5083
1247,1,0.0984,0.0063,1.3102,0.6214,0.2330,6.6699
1248,1,0.0977,0.0065,1.2709,0.5714,0.1048,6.5524
1249,1,0.1151,0.0078,1.2826,0.4729,0.1550,6.6744
1250,1,0.1039,0.0062,1.2758,0.5053,0.2000,6.1158
1251,1,0.1236,0.0084,1.2661,0.6341,0.1057,6.6911
1252,1,0.1042,0.0060,1.2613,0.6436,0.1584,6.7327
1253,1,0.0935,0.0060,1.2690,0.6019,0.1553,6.7087
1254,1,0.1391,0.0062,1.2624,0.5575,0.2035,6.4956
1255,1,0.1010,0.0051,1.2816,0.6190,0.0571,6.3429
1256,1,0.1092,0.0067,1.2659,0.5950,0.1240,6.4628
1257,1,0.1068,0.0061,1.2705,0.6355,0.1682,6.6822
1258,1,0.1274,0.0083,1.2925,0.6549,0.1327,6.3009
1259,1,0.1259,0.0050,1.2904,0.6122,0.2245,6.5816
1260,1,0.0938,0.0074,1.2702,0.7059,0.1597,6.3866
1261,1,0.1000,0.0071,1.2538,0.7157,0.2059,6.5392
1262,1,0.1093,0.0082,1.2902,0.6050,0.1849,6.4790
1263,1,0.1053,0.0056,1.2658,0.6602,0.2136,6.3981
1264,1,0.0901,0.0062,1.2792,0.6724,0.1293,6.2931
1265,1,0.1106,0.0072,1.2708,0.6283,0.2301,6.4248
1266,1,0.0935,0.0075,1.3105,0.6814,0.1504,6.3717
1267,1,0.1281,0.0078,1.2761,0.5983,0.1880,6.4103
1268,1,0.1211,0.0078,1.2841,0.7556,0.1667,6.5222
1269,1,0.1009,0.0067,1.2959,0.7462,0.1154,6.3231
1270,1,0.1181,0.0054,1.2856,0.6222,0.2778,6.5889
1271,1,0.1214,0.0048,1.2947,0.6667,0.1491,6.3333
1272,1,0.0844,0.0048,1.2909,0.5798,0.1597,6.4874
1273,1,0.1194,0.0051,1.2683,0.5400,0.1300,6.2700
1274,1,0.1188,0.0075,1.2597,0.6850,0.1575,6.7087
1275,1,0.1084,0.0073,1.2475,0.7292,0.1667,6.5521
1276,1,0.1149,0.0087,1.2576,0.7094,0.1453,6.2821
1277,1,0.1031,0.0057,1.2984,0.6555,0.1765,6.4202
1278,1,0.1198,0.0052,1.3040,0.6415,0.2264,6.4057
1279,1,0.1122,0.0072,1.2589,0.7143,0.1810,6.4381
1280,1,0.1226,0.0038,1.2916,0.6667,0.1667,6.4000
1281,1,0.1101,0.0057,1.2724,0.6542,0.1495,6.4953
1282,1,0.0905,0.0052,1.2872,0.6569,0.1373,6.4314
1283,1,0.0901,0.0059,1.2895,0.6091,0.2182,6.3091
1284,1,0.1033,0.0083,1.2539,0.6964,0.1339,6.5536
1285,1,0.1095,0.0056,1.2790,0.7091,0.1818,6.3000
1286,1,0.1140,0.0054,1.2526,0.6587,0.2143,6.7619
1287,1,0.0910,0.0064,1.2709,0.6625,0.1750,6.2375
1288,1,0.1288,0.0084,1.2649,0.6015,0.2105,6.1729
1289,1,0.0995,0.0087,1.2618,0.6923,0.1442,6.3558
1290,1,0.1344,0.0076,1.3095,0.6719,0.1953,6.1875
1291,1,0.1056,0.0043,1.2953,0.5273,0.1727,6.1636
1292,1,0.1009,0.0076,1.2978,0.8762,0.2000,6.5810
1293,1,0.1124,0.0083,1.3006,0.5982,0.1161,6.2857
1294,1,0.1140,0.0090,1.2718,0.6000,0.1167,6.4000
1295,1,0.1419,0.0048,1.3065,0.6429,0.2347,6.6224
1296,1,0.1072,0.0061,1.2895,0.5726,0.2051,6.6752
1297,1,0.1287,0.0086,1.2706,0.7876,0.1770,6.5841
1298,1,0.0972,0.0066,1.2771,0.6429,0.2262,6.6548
1299,1,0.1165,0.0072,1.2933,0.6875,0.1797,6.5781
1300,1,0.0993,0.0056,1.2846,0.5673,0.1250,6.3173
1301,1,0.0944,0.0053,1.2993,0.5357,0.2054,6.2589
1302,1,0.1124,0.0055,1.3035,0.7018,0.1754,6.3860
1303,1,0.1252,0.0092,1.2783,0.6900,0.1400,6.3300
1304,1,0.1070,0.0092,1.2811,0.6016,0.1797,6.5078
1305,1,0.1028,0.0058,1.3077,0.6304,0.2174,6.6304
1306,1,0.0973,0.0071,1.2901,0.7478,0.1826,6.3043
1307,1,0.1157,0.0088,1.2727,0.4732,0.2054,6.1875
1308,1,0.0982,0.0065,1.2852,0.5128,0.1624,6.6068
1309,1,0.1025,0.0071,1.2987,0.5566,0.1792,6.2547
1310,1,0.1312,0.0083,1.2914,0.6417,0.1750,6.4500
1311,1,0.1137,0.0057,1.2895,0.6702,0.2340,6.5532
1312,1,0.1549,0.0093,1.2979,0.5703,0.1953,6.0469
1313,1,0.1221,0.0081,1.2920,0.6404,0.2281,6.2105
1314,1,0.1103,0.0069,1.2635,0.5833,0.2083,6.3333
1315,1,0.0873,0.0062,1.2716,0.5583,0.1417,6.4250
1316,1,0.1429,0.0095,1.2483,0.5000,0.2143,6.4821
1317,1,0.1191,0.0079,1.3123,0.6496,0.1966,6.3590
1318,1,0.1110,0.0067,1.3212,0.6887,0.1698,6.3774
1319,1,0.1288,0.0069,1.2632,0.6792,0.1132,6.5283
1320,1,0.1211,0.0086,1.2681,0.6667,0.1301,6.4634
1321,1,0.0985,0.0065,1.2778,0.5155,0.1237,6.2680
1322,1,0.1190,0.0080,1.2866,0.7025,0.1901,6.8182
1323,1,0.0821,0.0055,1.2741,0.6667,0.1712,6.5495
1324,1,0.1352,0.0096,1.2771,0.5897,0.1453,6.4188
1325,1,0.1027,0.0064,1.2737,0.5934,0.0769,6.3187
1326,1,0.1455,0.0070,1.3015,0.7000,0.1833,6.0833
1327,1,0.1210,0.0058,1.2748,0.5238,0.1524,6.2762
1328,1,0.1039,0.0078,1.2777,0.5500,0.1000,6.7750
1329,1,0.1058,0.0053,1.2463,0.4842,0.1895,6.5789
1330,1,0.1132,0.0081,1.2832,0.6791,0.2090,6.4776
1331,1,0.1066,0.0061,1.3071,0.5368,0.1895,6.2632
1332,1,0.1241,0.0080,1.2783,0.5565,0.2522,6.1304
1333,1,0.1071,0.0068,1.3080,0.6182,0.2091,6.3818
1334,1,0.1217,0.0074,1.3174,0.7121,0.1212,6.2424
1335,1,0.1081,0.0063,1.2698,0.6705,0.1591,6.1477
1336,1,0.1350,0.0081,1.3078,0.5920,0.1760,6.2160
1337,1,0.1279,0.0049,1.2764,0.6667,0.1717,6.8081
1338,1,0.1067,0.0049,1.2556,0.6900,0.1600,6.8600
1339,1,0.1045,0.0067,1.2635,0.6810,0.1552,6.5776
1340,1,0.1358,0.0067,1.2234,0.7440,0.1920,6.6880
1341,1,0.1189,0.0044,1.2964,0.6173,0.1605,6.6296
1342,1,0.1224,0.0067,1.2865,0.4328,0.1791,6.0448
1343,1,0.1088,0.0046,1.2950,0.5686,0.1765,6.7255
1344,1,0.1043,0.0065,1.2759,0.6168,0.2243,6.7944
1345,1,0.1117,0.0080,1.2564,0.6121,0.1724,6.4397
1346,1,0.1157,0.0066,1.2900,0.5182,0.2091,6.4091
1347,1,0.0865,0.0069,1.2507,0.6481,0.2315,6.5926
1348,1,0.0924,0.0064,1.3005,0.5664,0.1416,6.1770
1349,1,0.1186,0.0056,1.2969,0.6190,0.1810,6.2381
1350,1,0.1173,0.0076,1.2645,0.7273,0.1322,6.4793
1351,1,0.0930,0.0064,1.2632,0.8936,0.1915,6.6277
1352,1,0.1259,0.0065,1.2636,0.6250,0.1953,6.4062
1353,1,0.1149,0.0066,1.2896,0.7174,0.1196,6.4348
1354,1,0.1079,0.0074,1.2673,0.6111,0.1984,6.6508
1355,1,0.1004,0.0081,1.2701,0.7030,0.1881,6.5248
1356,1,0.1093,0.0057,1.2971,0.7913,0.2087,6.4783
1357,1,0.0813,0.0054,1.3055,0.7130,0.2037,6.6019
1358,1,0.1222,0.0057,1.3009,0.6759,0.2037,6.8056
1359,1,0.1176,0.0072,1.2978,0.7037,0.1852,6.3611
1360,1,0.0838,0.0058,1.2497,0.6304,0.1196,6.2826
1361,1,0.1163,0.0073,1.2655,0.7185,0.2000,6.4370
1362,1,0.1086,0.0064,1.2942,0.4952,0.1714,6.5143
1363,1,0.1023,0.0054,1.2419,0.6018,0.1770,6.2920
1364,1,0.1027,0.0061,1.2999,0.5588,0.1863,6.3039
1365,1,0.1168,0.0076,1.2762,0.7016,0.1129,6.4677
1366,1,0.1102,0.0055,1.2667,0.6514,0.1376,6.5229
1367,1,0.1124,0.0057,1.2895,0.6339,0.1518,6.5357
1368,1,0.1018,0.0067,1.2766,0.6186,0.2268,6.3093
1369,1,0.1099,0.0076,1.2884,0.7023,0.1756,6.3511
1370,1,0.1088,0.0070,1.2661,0.5532,0.2447,6.2553
1371,1,0.1342,0.0083,1.3203,0.7308,0.1385,6.2231
1372,1,0.1192,0.0062,1.2689,0.6186,0.2268,6.3814
1373,1,0.1136,0.0064,1.2729,0.6505,0.1553,6.6505
1374,1,0.1212,0.0076,1.3214,0.6356,0.1949,6.2288
1375,1,0.1159,0.0059,1.2661,0.5496,0.1832,6.4427
1376,1,0.0981,0.0063,1.2865,0.7308,0.2051,6.8462
1377,1,0.1171,0.0074,1.2863,0.6691,0.1691,6.2500
1378,1,0.1015,0.0069,1.2726,0.6038,0.1415,6.3491
1379,1,0.1181,0.0084,1.2581,0.7925,0.1887,6.5755
1380,1,0.1410,0.0093,1.2663,0.6000,0.2182,6.4636
1381,1,0.1141,0.0079,1.2815,0.6022,0.1398,6.1828
1382,1,0.1210,0.0074,1.2853,0.6712,0.1370,6.2192
1383,1,0.1259,0.0076,1.2800,0.6222,0.1444,6.6111
1384,1,0.1088,0.0072,1.2687,0.7890,0.2110,6.5046
1385,1,0.1090,0.0066,1.3023,0.6964,0.2054,6.3304
1386,1,0.1281,0.0083,1.2771,0.5714,0.1048,6.2286
1387,1,0.1111,0.0065,1.3243,0.6393,0.1803,6.4836
1388,1,0.1094,0.0079,1.2743,0.6726,0.1239,6.2920
1389,1,0.0933,0.0060,1.2801,0.5514,0.2617,6.3832
1390,1,0.0994,0.0076,1.3006,0.6441,0.1525,6.2881
1391,1,0.1180,0.0080,1.2764,0.7130,0.1826,6.2174
1392,1,0.1212,0.0086,1.2935,0.7179,0.1709,6.3675
1393,1,0.0989,0.0072,1.2897,0.6311,0.2039,6.0680
1394,1,0.1062,0.0060,1.2944,0.6161,0.1250,6.2143
1395,1,0.1097,0.0048,1.3051,0.6522,0.2174,6.6957
1396,1,0.0922,0.0060,1.2786,0.7009,0.1308,6.6729
1397,1,0.1147,0.0076,1.2672,0.5417,0.2604,6.2812
1398,1,0.1405,0.0071,1.2796,0.6124,0.1628,6.5504
1399,1,0.1038,0.0067,1.2863,0.5818,0.1636,6.2818
1400,1,0.0990,0.0068,1.2580,0.7200,0.2300,6.5300
1401,1,0.1085,0.0072,1.2747,0.6050,0.1765,6.3445
1402,1,0.0837,0.0065,1.2369,0.5676,0.1622,6.5676
1403,1,0.1064,0.0048,1.3082,0.7143,0.2418,6.7363
1404,1,0.1125,0.0075,1.2809,0.5344,0.1374,6.4351
1405,1,0.1061,0.0083,1.2855,0.7083,0.1458,6.4896
1406,1,0.1215,0.0070,1.2694,0.6789,0.1651,6.6972
1407,1,0.0973,0.0069,1.2649,0.6733,0.1980,6.5248
1408,1,0.1133,0.0056,1.3029,0.7008,0.1181,6.5433
1409,1,0.1033,0.0067,1.2894,0.5385,0.1429,6.5934
1410,1,0.1192,0.0065,1.2684,0.6716,0.1493,6.4179
1411,1,0.0981,0.0072,1.2607,0.6082,0.1959,6.1959
1412,1,0.0886,0.0074,1.2852,0.8039,0.1765,6.5098
1413,1,0.1275,0.0088,1.2885,0.6016,0.1797,6.2188
1414,1,0.1101,0.0078,1.2821,0.6226,0.1604,6.3113
1415,1,0.1222,0.0077,1.3089,0.5463,0.1574,6.3519
1416,1,0.1029,0.0049,1.2868,0.6121,0.2155,6.8707
1417,1,0.0997,0.0065,1.2542,0.7300,0.2400,6.4400
1418,1,0.1132,0.0070,1.2615,0.6549,0.1504,6.6549
1419,1,0.1126,0.0055,1.3073,0.4815,0.1481,6.5185
1420,1,0.0871,0.0064,1.3029,0.6078,0.2549,6.5980
1421,1,0.1066,0.0073,1.2976,0.6917,0.1417,6.2917
1422,1,0.1085,0.0078,1.2883,0.5614,0.1842,6.3421
1423,1,0.1164,0.0075,1.2914,0.6466,0.2155,6.2931
1424,1,0.1082,0.0064,1.2930,0.4706,0.2255,6.2451
1425,1,0.0843,0.0062,1.2849,0.6441,0.1864,6.1695
1426,1,0.1096,0.0078,1.2968,0.7054,0.1696,6.4554
1427,1,0.1220,0.0087,1.3206,0.5104,0.1562,6.2396
1428,1,0.0935,0.0075,1.2873,0.5645,0.1452,6.4919
1429,1,0.0927,0.0060,1.2691,0.6207,0.1897,6.1724
1430,1,0.0979,0.0056,1.2817,0.5470,0.2051,6.6154
1431,1,0.0960,0.0063,1.2510,0.6237,0.1290,6.5591
1432,1,0.1246,0.0081,1.2691,0.6694,0.1452,6.6048
1433,1,0.0926,0.0066,1.2517,0.5755,0.2642,6.3774
1434,1,0.1008,0.0052,1.3222,0.5943,0.2547,6.3396
1435,1,0.1234,0.0076,1.2660,0.5641,0.2222,6.3761
1436,1,0.1086,0.0083,1.2796,0.6916,0.1402,6.6168
1437,1,0.1120,0.0049,1.3051,0.6522,0.2000,6.2609
1438,1,0.1012,0.0063,1.2996,0.6762,0.1619,6.2857
1439,1,0.1090,0.0093,1.2669,0.5669,0.2520,6.2126
1440,1,0.0960,0.0077,1.2363,0.6505,0.1553,6.5437
1441,1,0.1129,0.0078,1.3262,0.7117,0.1261,6.4505
1442,1,0.1248,0.0077,1.3130,0.5000,0.2018,6.1754
1443,1,0.1313,0.0064,1.2740,0.5738,0.2131,6.3115
1444,1,0.1110,0.0066,1.2531,0.6404,0.1579,6.6140
1445,1,0.0956,0.0068,1.2722,0.7037,0.1667,6.3981
1446,1,0.0946,0.0051,1.2826,0.6562,0.1875,6.6562
1447,1,0.1185,0.0092,1.2776,0.6466,0.1466,6.4397
1448,1,0.0950,0.0070,1.2726,0.6984,0.1508,6.3413
1449,1,0.1088,0.0069,1.2918,0.6373,0.1667,6.3431
1450,1,0.1025,0.0053,1.2484,0.6970,0.2626,6.4343
1451,1,0.1060,0.0077,1.2882,0.5037,0.2222,6.3704
1452,1,0.0822,0.0062,1.3026,0.6974,0.2105,6.8289
1453,1,0.1003,0.0075,1.3035,0.6260,0.1220,6.4959
1454,1,0.0956,0.0076,1.2916,0.6126,0.2072,6.3153
1455,1,0.1162,0.0062,1.3005,0.6897,0.1983,6.2759
1456,1,0.1132,0.0056,1.3127,0.6731,0.2019,6.5000
1457,1,0.1054,0.0065,1.2738,0.5664,0.1770,6.3628
1458,1,0.1074,0.0068,1.3009,0.5897,0.2051,6.4530
1459,1,0.1169,0.0086,1.2872,0.4851,0.1980,6.2574
1460,1,0.1172,0.0058,1.2987,0.6957,0.2348,6.8261
1461,1,0.1454,0.0075,1.2909,0.5755,0.1509,6.7075
1462,1,0.0991,0.0081,1.2926,0.6019,0.1262,6.1553
1463,1,0.1024,0.0074,1.2982,0.6116,0.1570,6.3802
1464,1,0.1050,0.0060,1.2777,0.5429,0.1524,6.4571
1465,1,0.1038,0.0056,1.2631,0.7944,0.1682,6.9439
1466,1,0.1069,0.0061,1.3103,0.6991,0.1858,6.2920
1467,1,0.1121,0.0060,1.3144,0.5798,0.1429,6.1513
1468,1,0.1040,0.0072,1.2670,0.7115,0.2404,6.4135
1469,1,0.1219,0.0042,1.2625,0.6897,0.1466,6.7672
1470,1,0.0976,0.0064,1.2562,0.7041,0.1939,6.8061
1471,1,0.1044,0.0065,1.2881,0.6147,0.1743,6.2844
1472,1,0.1202,0.0091,1.2678,0.4052,0.1810,6.3879
1473,1,0.1064,0.0063,1.2765,0.6262,0.2430,6.3458
1474,1,0.1208,0.0086,1.2448,0.7431,0.1743,6.7156
1475,1,0.0899,0.0041,1.2872,0.5812,0.2222,6.6154
1476,1,0.1017,0.0068,1.2777,0.5591,0.1505,6.6882
1477,1,0.1120,0.0067,1.2544,0.5906,0.2126,6.1339
1478,1,0.1140,0.0083,1.2461,0.6452,0.1398,6.8172
1479,1,0.1036,0.0057,1.2704,0.5970,0.1716,6.1418
1480,1,0.1088,0.0063,1.2728,0.7634,0.1828,6.7849
1481,1,0.1314,0.0065,1.2735,0.5690,0.1638,6.1638
1482,1,0.1233,0.0054,1.3213,0.7129,0.1386,6.5149
1483,1,0.0835,0.0073,1.3243,0.6179,0.1626,6.3089
1484,1,0.0984,0.0068,1.2585,0.6970,0.1414,6.4343
1485,1,0.1157,0.0035,1.2627,0.7436,0.1624,6.6752
1486,1,0.1280,0.0086,1.2977,0.7383,0.0748,6.5234
1487,1,0.1066,0.0059,1.3000,0.6226,0.2547,6.3302
1488,1,0.1136,0.0054,1.3085,0.6423,0.2114,6.4228
1489,1,0.0968,0.0071,1.2940,0.5514,0.1682,6.3271
1490,1,0.1045,0.0068,1.2759,0.5690,0.1552,6.2586
1491,1,0.0868,0.0053,1.3061,0.7579,0.1789,6.3474
1492,1,0.0977,0.0058,1.2742,0.7059,0.1849,6.4538
1493,1,0.0923,0.0072,1.2932,0.6822,0.2336,6.4393
1494,1,0.0983,0.0049,1.2749,0.6726,0.1593,6.4779
1495,1,0.1149,0.0070,1.2843,0.7453,0.1132,6.2642
1496,1,0.0902,0.0077,1.2701,0.6721,0.2213,6.5000
1497,1,0.1290,0.0060,1.3111,0.5825,0.2913,6.4757
1498,1,0.0954,0.0068,1.2713,0.6783,0.1826,6.3652
1499,1,0.1220,0.0058,1.3007,0.7288,0.1441,6.4661
1500,1,0.0894,0.0067,1.2825,0.6354,0.3229,6.3542
1501,1,0.1118,0.0065,1.2756,0.6325,0.1368,6.4957
1502,1,0.1035,0.0069,1.2994,0.7232,0.2589,6.2321
1503,1,0.1241,0.0082,1.2580,0.6545,0.1545,6.6727
1504,1,0.1170,0.0049,1.3028,0.5773,0.1753,6.5464
1505,1,0.1179,0.0051,1.2787,0.6894,0.1439,6.5682
1506,1,0.0994,0.0050,1.3100,0.6762,0.1810,6.5714
1507,1,0.1193,0.0082,1.3010,0.4286,0.2190,6.1143
1508,1,0.0831,0.0065,1.2799,0.5893,0.1964,6.3482
1509,1,0.0987,0.0050,1.3088,0.6168,0.2430,6.3364
1510,1,0.1107,0.0075,1.2865,0.5440,0.2000,6.3760
1511,1,0.1003,0.0070,1.2936,0.5833,0.2396,6.5938
1512,1,0.0967,0.0057,1.3062,0.6316,0.1654,6.2331
1513,1,0.1083,0.0078,1.2848,0.6800,0.1900,6.3100
1514,1,0.1153,0.0071,1.2934,0.4531,0.1719,6.2500
1515,1,0.0827,0.0061,1.3084,0.5914,0.1613,6.4409
1516,1,0.1021,0.0062,1.2928,0.6442,0.2500,6.8269
1517,1,0.1034,0.0075,1.2958,0.6949,0.1271,6.1949
1518,1,0.0820,0.0068,1.2703,0.6071,0.1696,6.2411
1519,1,0.1190,0.0051,1.2954,0.7041,0.1633,6.7653
1520,1,0.1017,0.0058,1.3148,0.5917,0.1000,6.4417
1521,1,0.1157,0.0068,1.2659,0.6735,0.1939,6.3878
1522,1,0.1181,0.0058,1.2826,0.5672,0.1194,6.2164
1523,1,0.1325,0.0080,1.2562,0.6117,0.1456,6.4563
1524,1,0.1219,0.0069,1.2748,0.6635,0.1827,6.6346
1525,1,0.1005,0.0047,1.2902,0.6774,0.1290,6.6344
1526,1,0.1241,0.0062,1.2847,0.6953,0.1875,6.3828
1527,1,0.1269,0.0077,1.2619,0.6095,0.1048,6.2000
1528,1,0.1386,0.0075,1.3145,0.5738,0.1721,6.2541
1529,1,0.0811,0.0054,1.2838,0.5747,0.1724,6.4023
1530,1,0.1198,0.0073,1.3082,0.7293,0.1654,6.4662
1531,1,0.0986,0.0054,1.3076,0.7059,0.1373,6.1765
1532,1,0.1334,0.0089,1.3002,0.6417,0.1583,6.2167
1533,1,0.1232,0.0074,1.2697,0.7290,0.1495,6.3738
1534,1,0.1128,0.0078,1.2669,0.7429,0.2000,6.8476
1535,1,0.0936,0.0072,1.3018,0.6306,0.1351,6.5405
1536,1,0.1073,0.0055,1.3075,0.5714,0.1765,6.1176
1537,1,0.1019,0.0078,1.2960,0.6260,0.1301,6.0407
1538,1,0.1033,0.0069,1.2880,0.5385,0.1923,6.3462
1539,1,0.1064,0.0056,1.2738,0.5841,0.1416,6.3982
1540,1,0.1338,0.0069,1.3061,0.6639,0.1639,6.5410
1541,1,0.1218,0.0081,1.2775,0.5955,0.1573,6.3146
1542,1,0.1159,0.0070,1.2963,0.6174,0.1739,6.2522
1543,1,0.1231,0.0060,1.2415,0.5941,0.1287,6.4653
1544,1,0.1303,0.0087,1.3056,0.5625,0.1719,6.2969
1545,1,0.0995,0.0052,1.2779,0.5727,0.2091,6.5000
1546,1,0.1089,0.0047,1.2701,0.6140,0.1579,6.4211
1547,1,0.1175,0.0085,1.2624,0.5957,0.1915,6.2766
1548,1,0.1128,0.0066,1.3255,0.6593,0.1704,6.2296
1549,1,0.1085,0.0047,1.3284,0.6226,0.2453,6.3962
1550,1,0.1218,0.0065,1.2779,0.6771,0.1771,6.6042
1551,1,0.0947,0.0067,1.2428,0.6475,0.1639,6.5082
1552,1,0.1080,0.0064,1.2917,0.6000,0.2476,6.4952
1553,1,0.1046,0.0060,1.2762,0.5810,0.1619,6.2952
1554,1,0.1215,0.0060,1.2866,0.6000,0.1250,6.1667
1555,1,0.1094,0.0066,1.2747,0.5812,0.1709,6.6496
1556,1,0.1011,0.0075,1.2835,0.6634,0.2475,6.3861
1557,1,0.1197,0.0052,1.3023,0.6721,0.1393,6.4426
1558,1,0.1189,0.0084,1.2636,0.6457,0.1654,6.3543
1559,1,0.0984,0.0058,1.2515,0.7241,0.1724,6.7126
1560,1,0.0917,0.0068,1.2938,0.6615,0.1154,6.5000
1561,1,0.0993,0.0072,1.2870,0.6489,0.2128,6.0638
1562,1,0.1307,0.0093,1.2742,0.6439,0.1667,6.5227
1563,1,0.0942,0.0064,1.2912,0.7604,0.1042,6.5833
1564,1,0.0779,0.0062,1.3085,0.8300,0.1000,6.5900
1565,1,0.1411,0.0070,1.2689,0.6975,0.1597,6.3782
1566,1,0.1347,0.0032,1.2859,0.6937,0.2162,6.3063
1567,1,0.1009,0.0074,1.2752,0.5856,0.1982,6.2252
1568,1,0.0975,0.0070,1.2994,0.6762,0.2000,6.2571
1569,1,0.1091,0.0059,1.2772,0.6750,0.1500,6.7167
1570,1,0.1218,0.0054,1.3088,0.6237,0.2473,6.4194
1571,1,0.1183,0.0070,1.2605,0.5231,0.1538,6.4769
1572,1,0.1076,0.0057,1.2411,0.7500,0.1250,6.4688
1573,1,0.1066,0.0076,1.3064,0.6168,0.1402,6.2897
1574,1,0.1114,0.0050,1.3090,0.7563,0.1765,6.5714
1580,1,0.1192,0.0059,1.2746,0.6750,0.2000,6.4667
1581,1,0.0988,0.0059,1.3108,0.6279,0.2209,6.6279
1582,1,0.1497,0.0111,1.2631,0.5528,0.1707,6.1301
1583,1,0.1232,0.0048,1.2793,0.6847,0.2072,6.2793
1584,1,0.1102,0.0069,1.2751,0.7545,0.2091,6.4909
1585,1,0.1160,0.0062,1.2577,0.6239,0.1709,6.8718
1586,1,0.0889,0.0062,1.2710,0.5152,0.1313,6.2828
1587,1,0.0969,0.0062,1.2585,0.6509,0.1509,6.5943
1588,1,0.1170,0.0064,1.2897,0.5897,0.1538,6.2821
1589,1,0.0889,0.0063,1.2812,0.6442,0.1346,6.6250
1590,1,0.1275,0.0065,1.2370,0.6106,0.2124,6.5752
1591,1,0.1125,0.0068,1.2670,0.8000,0.2364,6.3364
1592,1,0.1451,0.0093,1.2428,0.6514,0.2569,6.5229
1593,1,0.1019,0.0071,1.2887,0.6818,0.0545,6.2909
1594,1,0.1282,0.0092,1.2661,0.7727,0.2091,6.3091
1595,1,0.1204,0.0073,1.3222,0.6757,0.1532,6.4775
1596,1,0.0886,0.0069,1.2870,0.6500,0.2000,6.5833
1597,1,0.1188,0.0061,1.2789,0.6040,0.2277,6.4158
1598,1,0.0935,0.0062,1.2880,0.6549,0.2478,6.7965
1599,1,0.1364,0.0094,1.2456,0.6364,0.1818,6.6162
1600,1,0.1193,0.0079,1.2901,0.6694,0.1452,6.1774
1601,1,0.1093,0.0056,1.2960,0.5000,0.1296,6.3148
1602,1,0.0868,0.0062,1.2633,0.6486,0.1171,6.5766
1603,1,0.0915,0.0061,1.2934,0.6327,0.1531,6.4592
1604,1,0.1115,0.0077,1.2544,0.7073,0.2276,6.5285
1605,1,0.1235,0.0081,1.2645,0.6538,0.1538,6.2404
1606,1,0.1077,0.0081,1.2919,0.4706,0.1933,6.4706
1607,1,0.0989,0.0057,1.2388,0.5882,0.1373,6.5000
1608,1,0.1065,0.0066,1.3012,0.5856,0.2432,6.2613
1609,1,0.1200,0.0078,1.2449,0.7117,0.1892,6.7207
1610,1,0.1068,0.0060,1.2918,0.6091,0.1273,6.6091
1611,1,0.1219,0.0074,1.2785,0.7692,0.2019,6.2788
1612,1,0.0999,0.0044,1.2673,0.8229,0.2083,6.7500
1613,1,0.1333,0.0090,1.2642,0.6597,0.1389,6.2014
1614,1,0.1134,0.0073,1.2629,0.8132,0.1538,6.6154
1615,1,0.0940,0.0073,1.3221,0.6083,0.2417,6.2417
1616,1,0.1157,0.0059,1.2814,0.7368,0.1842,6.3596
1617,1,0.1047,0.0046,1.3082,0.5960,0.1414,6.3737
1618,1,0.0957,0.0068,1.2744,0.5526,0.1228,6.1667
1619,1,0.0882,0.0058,1.2916,0.4538,0.1345,6.1261
1620,1,0.1257,0.0064,1.2663,0.5905,0.1810,6.4095
1621,1,0.0936,0.0073,1.2921,0.5950,0.1653,6.2810
1622,1,0.1157,0.0064,1.2942,0.6667,0.2059,6.0784
1623,1,0.1064,0.0064,1.2632,0.7308,0.1769,6.4615
1624,1,0.0969,0.0068,1.2959,0.6277,0.1702,6.4362
1625,1,0.0963,0.0066,1.2761,0.6124,0.2481,6.5581
1626,1,0.1019,0.0053,1.3186,0.5714,0.1429,6.6484
1627,1,0.0783,0.0063,1.2966,0.4878,0.1870,6.2846
1628,1,0.1141,0.0051,1.2685,0.6952,0.2190,6.6571
1629,1,0.1088,0.0063,1.3027,0.6346,0.1827,6.4038
1630,1,0.1041,0.0059,1.2707,0.5981,0.2336,6.5794
1631,1,0.1333,0.0079,1.2655,0.5625,0.2188,6.5938
1632,1,0.1167,0.0088,1.2554,0.6593,0.1319,6.4835
1633,1,0.1231,0.0069,1.2831,0.6452,0.1532,6.2984
1634,1,0.1247,0.0085,1.2644,0.6754,0.1404,6.4737
1635,1,0.1022,0.0080,1.2590,0.6139,0.1485,6.5347
1636,1,0.1059,0.0068,1.2754,0.5446,0.1786,6.2411
1637,1,0.1320,0.0094,1.3135,0.5739,0.1826,6.1130
1638,1,0.1164,0.0055,1.2861,0.5197,0.1732,6.6614
1639,1,0.1168,0.0057,1.2337,0.6582,0.2405,6.2785
1640,1,0.1183,0.0086,1.2661,0.6268,0.1479,6.5634
1641,1,0.1144,0.0079,1.2682,0.6593,0.1868,6.8352
1642,1,0.1194,0.0058,1.2722,0.5841,0.1947,6.3363
1643,1,0.1257,0.0090,1.2339,0.6281,0.1488,6.5537
1644,1,0.1047,0.0062,1.2683,0.7653,0.1735,6.4898
1645,1,0.1084,0.0057,1.2733,0.5678,0.1949,6.2712
1646,1,0.1055,0.0069,1.2601,0.6082,0.2165,6.0722
1647,1,0.1023,0.0077,1.3042,0.5809,0.1912,6.3750
1648,1,0.1038,0.0081,1.2768,0.6344,0.1505,6.7097
1649,1,0.1165,0.0078,1.2943,0.6667,0.2137,6.3162
1650,1,0.1029,0.0066,1.2952,0.5818,0.1727,6.2455
1651,1,0.0624,0.0054,1.4356,0.6625,0.1375,6.5250
1652,1,0.1044,0.0088,1.4328,0.6091,0.1545,6.2455
1653,1,0.0803,0.0049,1.4263,0.6574,0.1944,6.9444
1654,1,0.0775,0.0081,1.4405,0.5900,0.2100,6.4400
1655,1,0.0842,0.0068,1.4565,0.6990,0.1359,6.7476
1656,1,0.1028,0.0048,1.4632,0.5966,0.1933,6.5882
1657,1,0.0946,0.0065,1.4295,0.6633,0.1224,6.5306
1658,1,0.0996,0.0087,1.4234,0.7481,0.1185,6.7778
1659,1,0.0977,0.0076,1.4175,0.7634,0.1290,6.4409
1660,1,0.0700,0.0066,1.4531,0.6441,0.1864,6.2458
1661,1,0.0868,0.0057,1.4725,0.6460,0.2920,6.7080
1662,1,0.0992,0.0074,1.4803,0.6154,0.1731,6.4808
1663,1,0.0650,0.0067,1.4360,0.7789,0.1158,6.3368
1664,1,0.0831,0.0078,1.4803,0.6739,0.2174,6.2754
1665,1,0.0774,0.0060,1.4654,0.5714,0.1905,6.4405
1666,1,0.0853,0.0081,1.4199,0.7037,0.1556,6.2963
1667,1,0.0958,0.0053,1.4490,0.5980,0.1863,6.6863
1668,1,0.0896,0.0051,1.4284,0.6238,0.1485,6.5941
1669,1,0.0989,0.0044,1.4465,0.7007,0.1606,6.2701
1670,1,0.0994,0.0098,1.4362,0.6598,0.1443,6.4536
1671,1,0.0827,0.0071,1.4260,0.7849,0.1075,6.6559
1672,1,0.0993,0.0046,1.4523,0.7037,0.1389,6.8241
1673,1,0.1036,0.0086,1.4612,0.6299,0.1969,6.2598
1674,1,0.1044,0.0083,1.4499,0.6909,0.0818,6.6545
1675,1,0.0832,0.0075,1.4614,0.6000,0.1400,7.0200
1676,1,0.0930,0.0076,1.4790,0.6316,0.1579,6.3333
1677,1,0.0842,0.0071,1.4184,0.7900,0.1700,6.7300
1678,1,0.1010,0.0053,1.4316,0.6000,0.2148,6.3259
1679,1,0.0718,0.0074,1.4384,0.6989,0.2151,6.6237
1680,1,0.0956,0.0064,1.4890,0.5726,0.1129,6.3306
1681,1,0.0896,0.0059,1.4349,0.6042,0.1458,6.0208
1682,1,0.0968,0.0077,1.4805,0.6493,0.1940,6.4328
1683,1,0.0765,0.0070,1.4314,0.5699,0.1828,6.7204
1684,1,0.0964,0.0059,1.4183,0.7523,0.0917,6.7156
1685,1,0.0815,0.0050,1.4678,0.5841,0.1770,6.7965
1686,1,0.0855,0.0057,1.4350,0.7600,0.1400,6.5200
1687,1,0.0951,0.0080,1.4606,0.7417,0.2167,6.6583
1688,1,0.0974,0.0054,1.4538,0.7103,0.1776,6.2056
1689,1,0.0906,0.0052,1.4485,0.5333,0.2333,6.8222
1690,1,0.0927,0.0051,1.4509,0.6640,0.2400,6.5040
1691,1,0.0768,0.0076,1.4264,0.6036,0.1171,6.5495
1692,1,0.0932,0.0058,1.4505,0.5490,0.1863,6.4118
1693,1,0.1054,0.0089,1.4317,0.7075,0.1887,6.7830
1694,1,0.0913,0.0081,1.4611,0.6179,0.1463,6.3659
1695,1,0.1021,0.0079,1.4503,0.6887,0.1321,6.3774
1696,1,0.0913,0.0069,1.4818,0.6000,0.1909,6.3455
1697,1,0.0767,0.0072,1.4713,0.5833,0.1333,6.3000
1698,1,0.0961,0.0080,1.5063,0.5941,0.1584,6.3564
1699,1,0.0846,0.0061,1.4401,0.6404,0.1404,6.6228
1700,1,0.0841,0.0063,1.4515,0.6727,0.1909,6.4364
1701,1,0.1071,0.0079,1.4494,0.7213,0.1639,6.4262
1702,1,0.0712,0.0067,1.4605,0.5980,0.1471,6.3235
1703,1,0.1180,0.0066,1.4461,0.6504,0.1626,6.5935
1704,1,0.0847,0.0073,1.4592,0.5934,0.1099,6.6264
1705,1,0.1088,0.0063,1.4208,0.5417,0.1667,6.6583
1706,1,0.0868,0.0082,1.4238,0.7117,0.1081,6.5856
1707,1,0.0912,0.0059,1.4494,0.6186,0.1753,6.5155
1708,1,0.0722,0.0064,1.4385,0.6071,0.1964,6.5714
1709,1,0.1014,0.0055,1.4548,0.6260,0.1789,6.3821
1710,1,0.0871,0.0072,1.4720,0.6322,0.1264,6.5057
1711,1,0.1006,0.0049,1.4807,0.6791,0.1567,6.4851
1712,1,0.0849,0.0065,1.4805,0.6442,0.1827,6.4327
1713,1,0.0813,0.0074,1.4361,0.6699,0.1553,6.6019
1714,1,0.1111,0.0053,1.4793,0.5294,0.1429,6.3950
1715,1,0.0804,0.0045,1.4484,0.4762,0.1619,6.4095
1716,1,0.0804,0.0062,1.4159,0.6000,0.0960,6.3920
1717,1,0.0865,0.0054,1.4575,0.5631,0.1068,6.3495
1718,1,0.0874,0.0074,1.4223,0.6727,0.1364,6.6727
1719,1,0.0813,0.0056,1.4466,0.7961,0.1165,7.0097
1720,1,0.1024,0.0071,1.4430,0.5963,0.1284,6.5229
1721,1,0.0810,0.0064,1.4498,0.5253,0.1111,6.4444
1722,1,0.0948,0.0087,1.4640,0.6545,0.2545,6.5000
1723,1,0.0894,0.0061,1.4481,0.6694,0.1322,6.3802
1724,1,0.0979,0.0073,1.4586,0.5079,0.2460,6.3175
1725,1,0.0860,0.0059,1.4420,0.7170,0.1509,6.5472
1726,1,0.0918,0.0067,1.4197,0.6957,0.1913,6.4783
1727,1,0.0933,0.0072,1.4760,0.6538,0.1346,6.5096
1728,1,0.0954,0.0074,1.4560,0.6991,0.1858,6.5752
1729,1,0.0805,0.0073,1.4765,0.7411,0.1518,6.5804
1730,1,0.0841,0.0054,1.4881,0.6916,0.1963,6.5327
1731,1,0.0915,0.0075,1.4441,0.6990,0.1650,6.3107
1732,1,0.0997,0.0046,1.4664,0.6990,0.1068,6.4854
1733,1,0.0894,0.0087,1.4387,0.6452,0.1774,6.2581
1734,1,0.0877,0.0068,1.4821,0.7184,0.0874,6.6505
1735,1,0.1074,0.0067,1.4650,0.7431,0.1560,6.5688
1736,1,0.0786,0.0063,1.4256,0.7522,0.2301,6.5221
1737,1,0.0973,0.0052,1.4531,0.6373,0.1275,6.3333
1738,1,0.0785,0.0059,1.4625,0.7119,0.1525,6.5339
1739,1,0.0880,0.0069,1.4499,0.6545,0.2000,6.5818
1740,1,0.0831,0.0063,1.4351,0.7000,0.1000,6.6364
1741,1,0.0830,0.0078,1.4322,0.6931,0.0693,6.6436
1742,1,0.0858,0.0072,1.4653,0.6757,0.1171,6.4414
1743,1,0.0979,0.0084,1.4397,0.6396,0.1441,6.2703
1744,1,0.0748,0.0076,1.4174,0.7798,0.1101,6.7523
1745,1,0.1025,0.0056,1.4384,0.5545,0.1636,6.4545
1746,1,0.0977,0.0053,1.4911,0.6396,0.2072,6.3243
1747,1,0.1028,0.0047,1.4212,0.7232,0.1696,6.6875
1748,1,0.0751,0.0054,1.4493,0.7949,0.1966,6.7350
1749,1,0.0772,0.0077,1.4547,0.8953,0.0930,6.3837
1750,1,0.1090,0.0107,1.4652,0.6897,0.1724,6.4069
1751,1,0.0798,0.0069,1.4364,0.6304,0.2391,6.4457
1752,1,0.0886,0.0059,1.4637,0.5586,0.1712,6.4414
1753,1,0.0969,0.0065,1.4361,0.6034,0.1121,6.8190
1754,1,0.0818,0.0057,1.4295,0.7475,0.1515,6.5152
1755,1,0.0971,0.0069,1.4633,0.5250,0.1417,6.2167
1756,1,0.0703,0.0062,1.4315,0.7708,0.2188,6.6667
1757,1,0.1140,0.0059,1.4272,0.6098,0.1626,6.6748
1758,1,0.0804,0.0075,1.4574,0.6210,0.1855,6.3952
1759,1,0.0898,0.0050,1.4608,0.6286,0.2095,6.5905
1760,1,0.1039,0.0057,1.4642,0.7473,0.1868,6.5714
1761,1,0.0800,0.0081,1.4768,0.5221,0.2389,6.3186
1762,1,0.0807,0.0062,1.4584,0.6263,0.1818,6.4343
1763,1,0.0830,0.0069,1.4706,0.5517,0.2155,6.3621
1764,1,0.0795,0.0064,1.4329,0.6757,0.2162,6.3604
1765,1,0.0861,0.0058,1.4446,0.7190,0.2066,6.5207
1766,1,0.0843,0.0089,1.4378,0.7627,0.2119,6.4237
1767,1,0.0987,0.0055,1.4557,0.6250,0.1731,6.4423
1768,1,0.0953,0.0071,1.4367,0.5913,0.2261,6.4957
1769,1,0.0900,0.0064,1.4471,0.6893,0.1068,6.1262
1770,1,0.0850,0.0077,1.4399,0.7521,0.1405,6.5537
1771,1,0.0880,0.0061,1.4485,0.6111,0.2130,6.5370
1772,1,0.0853,0.0056,1.4893,0.6337,0.1782,6.5941
1773,1,0.0780,0.0074,1.4620,0.5963,0.1927,6.2844
1774,1,0.0998,0.0066,1.4520,0.6231,0.1692,6.4462
1775,1,0.1044,0.0071,1.4559,0.5872,0.1376,6.5138
1776,1,0.0830,0.0071,1.4654,0.8039,0.1863,6.6373
1777,1,0.0915,0.0069,1.4575,0.4775,0.2072,6.2162
1778,1,0.0919,0.0060,1.4350,0.6792,0.2453,6.3962
1779,1,0.0742,0.0056,1.4301,0.5728,0.2039,6.7670
1780,1,0.0751,0.0052,1.4184,0.6724,0.2155,6.4052
1781,1,0.0990,0.0088,1.5100,0.5667,0.1833,6.1833
1782,1,0.1045,0.0056,1.3988,0.7653,0.2959,6.6531
1783,1,0.0886,0.0064,1.4448,0.6754,0.1404,6.5614
1784,1,0.0957,0.0066,1.4704,0.7615,0.1692,6.4077
1785,1,0.0914,0.0053,1.4342,0.6444,0.1556,6.7222
1786,1,0.0981,0.0061,1.4705,0.6667,0.1111,6.7130
1787,1,0.0878,0.0064,1.4481,0.5932,0.1271,6.6525
1788,1,0.1064,0.0057,1.4584,0.6460,0.1504,6.2832
1789,1,0.0928,0.0077,1.4663,0.4953,0.1495,6.2710
1790,1,0.0793,0.0051,1.4382,0.7273,0.1212,6.5859
1791,1,0.0906,0.0059,1.4394,0.7769,0.1385,6.5923
1792,1,0.0883,0.0049,1.4417,0.6022,0.1720,6.5161
1793,1,0.0871,0.0039,1.4410,0.7963,0.1852,6.6204
1794,1,0.0961,0.0060,1.4320,0.6355,0.1121,6.5234
1795,1,0.0879,0.0071,1.4535,0.6957,0.1913,6.5043
1796,1,0.0857,0.0055,1.4313,0.7091,0.1455,6.8091
1797,1,0.1042,0.0062,1.4468,0.6923,0.1154,6.6154
1798,1,0.0774,0.0067,1.4747,0.7168,0.1150,6.3186
1799,1,0.1127,0.0081,1.4575,0.6803,0.1803,6.3852
1800,1,0.0917,0.0095,1.4416,0.6053,0.1491,6.5526
1801,1,0.0837,0.0077,1.4345,0.7766,0.1809,6.6489
1802,1,0.0864,0.0050,1.4129,0.6250,0.1875,6.7500
1803,1,0.0970,0.0049,1.4437,0.6903,0.1239,6.6903
1804,1,0.0830,0.0070,1.4660,0.6018,0.1327,6.4071
1805,1,0.0755,0.0070,1.4540,0.6429,0.1071,6.5625
1806,1,0.0786,0.0085,1.4571,0.5340,0.1456,6.0971
1807,1,0.0874,0.0073,1.4374,0.5760,0.2960,6.3840
1808,1,0.0984,0.0072,1.4499,0.6154,0.1978,6.2088
1809,1,0.0933,0.0056,1.4774,0.6923,0.1538,6.2231
1810,1,0.0929,0.0068,1.4858,0.6604,0.1604,6.4151
1811,1,0.1042,0.0081,1.4548,0.7928,0.1982,6.5676
1812,1,0.0778,0.0039,1.4584,0.6667,0.2544,6.5351
1813,1,0.0839,0.0072,1.4512,0.6330,0.1468,6.4771
1814,1,0.0854,0.0063,1.4777,0.7273,0.2479,6.3884
1815,1,0.0959,0.0058,1.4726,0.5955,0.1011,6.1573
1816,1,0.1043,0.0088,1.4015,0.6667,0.1667,6.3913
1817,1,0.0871,0.0063,1.4725,0.7000,0.1800,6.6100
1818,1,0.0965,0.0049,1.4444,0.6577,0.2342,6.8198
1819,1,0.0941,0.0066,1.4666,0.6449,0.1308,6.1589
1820,1,0.0922,0.0062,1.4448,0.6609,0.1391,6.5130
1821,1,0.0942,0.0060,1.4474,0.6486,0.2252,6.7477
1822,1,0.0990,0.0062,1.4667,0.7010,0.1443,6.5464
1823,1,0.1063,0.0086,1.4280,0.6172,0.1641,6.4219
1824,1,0.0880,0.0073,1.4477,0.6702,0.2553,6.5957
1825,1,0.0909,0.0061,1.4576,0.6293,0.2155,6.9397
1826,1,0.0965,0.0057,1.4600,0.6311,0.1456,6.3592
1827,1,0.0953,0.0057,1.4287,0.7304,0.1739,6.4087
1828,1,0.0818,0.0071,1.4554,0.6970,0.1414,6.8081
1829,1,0.0893,0.0085,1.4474,0.6800,0.2480,6.2880
1830,1,0.0842,0.0066,1.4515,0.8137,0.1961,6.7059
1831,1,0.0951,0.0071,1.4791,0.7105,0.1404,6.5877
1832,1,0.0831,0.0035,1.4698,0.6286,0.1429,6.4286
1833,1,0.0800,0.0065,1.4373,0.7238,0.1619,6.8762
1834,1,0.0881,0.0061,1.4198,0.7586,0.2500,6.8534
1835,1,0.0911,0.0055,1.4484,0.7083,0.1562,6.5833
1836,1,0.0904,0.0066,1.4529,0.6909,0.2182,6.3545
1837,1,0.1023,0.0074,1.4914,0.6724,0.1638,6.5776
1838,1,0.0881,0.0068,1.4344,0.7789,0.1895,6.8421
1839,1,0.0966,0.0068,1.4344,0.7232,0.2143,6.5804
1840,1,0.0888,0.0074,1.4477,0.7619,0.1714,6.3619
1841,1,0.0816,0.0071,1.4437,0.6174,0.1826,6.5304
1842,1,0.0901,0.0081,1.4314,0.5872,0.1376,6.6789
1843,1,0.0906,0.0058,1.4593,0.6991,0.1681,6.6106
1844,1,0.0723,0.0068,1.4615,0.7290,0.1963,6.3271
1845,1,0.1276,0.0044,1.4459,0.7863,0.1368,6.5043
1846,1,0.0826,0.0052,1.4367,0.7423,0.1443,6.5258
1847,1,0.0926,0.0079,1.4505,0.6639,0.1721,6.4098
1848,1,0.0889,0.0071,1.4196,0.6263,0.1616,6.8182
1849,1,0.0871,0.0074,1.3832,0.7521,0.1653,6.4959
1850,1,0.0888,0.0053,1.4359,0.7200,0.1800,6.5900
1851,1,0.1037,0.0099,1.4510,0.6174,0.1826,6.3826
1852,1,0.1063,0.0080,1.4326,0.6325,0.1880,6.3077
1853,1,0.0917,0.0072,1.4844,0.6698,0.1509,6.5660
1854,1,0.0994,0.0069,1.4409,0.6549,0.2212,6.4248
1855,1,0.0701,0.0062,1.4576,0.7434,0.1504,6.6372
1856,1,0.0755,0.0058,1.4383,0.7857,0.2653,6.4388
1857,1,0.0762,0.0079,1.4213,0.5872,0.1743,6.5321
1858,1,0.0936,0.0084,1.4368,0.5868,0.1983,6.4628
1859,1,0.0829,0.0067,1.4618,0.7684,0.1789,6.6842
1860,1,0.0932,0.0055,1.4167,0.6124,0.2016,6.4264
1861,1,0.1027,0.0079,1.4597,0.6421,0.1684,6.4526
1862,1,0.0773,0.0080,1.4103,0.5935,0.0976,6.3496
1863,1,0.0957,0.0077,1.3837,0.7921,0.1881,6.4158
1864,1,0.0825,0.0076,1.4684,0.7679,0.1696,6.4107
1865,1,0.0902,0.0072,1.4836,0.6983,0.1724,6.5431
1866,1,0.0866,0.0083,1.4716,0.5596,0.1743,6.3119
1867,1,0.0894,0.0077,1.4379,0.5913,0.1739,6.1913
1868,1,0.0884,0.0059,1.4723,0.5760,0.2160,6.3280
1869,1,0.0789,0.0072,1.4810,0.6310,0.1905,6.2500
1870,1,0.1009,0.0081,1.4364,0.6788,0.1387,6.5036
1871,1,0.0916,0.0051,1.4460,0.7255,0.1667,7.0294
1872,1,0.0704,0.0070,1.4300,0.6000,0.1158,6.4211
1873,1,0.0875,0.0055,1.4595,0.6422,0.1927,6.7064
1874,1,0.0848,0.0077,1.4183,0.5702,0.1736,6.4463
1875,1,0.0897,0.0063,1.4609,0.6330,0.2569,6.5872
1876,1,0.0887,0.0080,1.4096,0.7636,0.1455,6.4364
1877,1,0.0997,0.0050,1.3966,0.6491,0.2105,6.5789
1878,1,0.0916,0.0049,1.4461,0.9451,0.1538,6.8901
1879,1,0.0838,0.0065,1.4374,0.6720,0.2080,6.4400
1880,1,0.0772,0.0063,1.4274,0.7108,0.2048,6.6506
1881,1,0.0815,0.0086,1.4536,0.6412,0.1374,6.3817
1882,1,0.0744,0.0067,1.4307,0.6111,0.1852,6.7778
1883,1,0.1143,0.0038,1.4258,0.6848,0.1413,6.6957
1884,1,0.0871,0.0075,1.4320,0.7059,0.1765,6.2868
1885,1,0.0803,0.0069,1.4349,0.7647,0.2353,6.6235
1886,1,0.1000,0.0077,1.4431,0.7478,0.2000,6.7826
1887,1,0.0840,0.0077,1.4304,0.6581,0.1538,6.5128
1888,1,0.0842,0.0075,1.4606,0.7524,0.1048,6.3714
1889,1,0.1184,0.0055,1.4601,0.6391,0.1429,6.4060
1890,1,0.0700,0.0060,1.4619,0.5584,0.1429,6.5455
1891,1,0.0856,0.0086,1.4400,0.6269,0.2687,6.5522
1892,1,0.0784,0.0044,1.4137,0.5714,0.1758,6.8681
1893,1,0.0840,0.0084,1.4111,0.7281,0.1754,6.4825
1894,1,0.0974,0.0086,1.4461,0.6545,0.1545,6.5182
1895,1,0.0872,0.0066,1.4289,0.6286,0.1905,6.6190
1896,1,0.0877,0.0058,1.4834,0.6721,0.1885,6.2213
1897,1,0.0970,0.0040,1.4343,0.6937,0.1802,6.5676
1898,1,0.0904,0.0047,1.4591,0.5804,0.1964,6.4286
1899,1,0.0776,0.0078,1.4574,0.6514,0.2018,6.3394
1900,1,0.1053,0.0066,1.4400,0.6224,0.2449,6.5510
1901,1,0.0903,0.0079,1.4564,0.6129,0.1935,6.4194
1902,1,0.0791,0.0058,1.4506,0.6979,0.1562,6.6979
1903,1,0.1016,0.0084,1.4445,0.6018,0.1681,6.5929
1904,1,0.0806,0.0072,1.4469,0.7455,0.2091,6.6727
1905,1,0.1044,0.0077,1.4295,0.5854,0.2602,6.4146
1906,1,0.0939,0.0037,1.4377,0.6771,0.1354,7.0000
1907,1,0.0745,0.0076,1.4596,0.6019,0.1165,6.6117
1908,1,0.0896,0.0065,1.4485,0.6731,0.1635,6.7692
1909,1,0.0962,0.0078,1.4370,0.5515,0.1544,6.3162
1910,1,0.0789,0.0067,1.4417,0.6100,0.1600,6.2900
1911,1,0.0996,0.0078,1.4476,0.7826,0.1565,6.7652
1912,1,0.0887,0.0054,1.4610,0.5532,0.2128,6.5106
1913,1,0.0918,0.0074,1.4880,0.6080,0.2160,6.2320
1914,1,0.0769,0.0072,1.4488,0.8273,0.1455,6.7182
1915,1,0.0802,0.0064,1.4284,0.6429,0.1633,6.5816
1916,1,0.0845,0.0058,1.4562,0.7273,0.1894,6.4697
1917,1,0.0849,0.0063,1.4411,0.5275,0.1758,6.1978
1918,1,0.0878,0.0086,1.4737,0.7288,0.1356,6.5000
1919,1,0.0830,0.0080,1.4511,0.6983,0.1379,6.5259
1920,1,0.0741,0.0062,1.4703,0.5093,0.1944,6.3426
1921,1,0.1004,0.0068,1.4649,0.7436,0.1709,6.3419
1922,1,0.0960,0.0078,1.4453,0.5963,0.1376,6.5780
1923,1,0.0780,0.0054,1.4303,0.7742,0.1828,6.7849
1924,1,0.0809,0.0061,1.4583,0.6250,0.1328,6.6562
1925,1,0.0780,0.0051,1.4155,0.7549,0.1863,6.6373
1926,1,0.1015,0.0043,1.4617,0.7500,0.2100,6.5900
1927,1,0.0853,0.0059,1.4486,0.5785,0.1405,6.4132
1928,1,0.0763,0.0071,1.4568,0.6429,0.1327,6.5816
1929,1,0.1048,0.0056,1.4270,0.8036,0.1786,6.5268
1930,1,0.0918,0.0057,1.4467,0.5872,0.2477,6.5872
1931,1,0.0838,0.0060,1.4489,0.6348,0.1652,6.3652
1932,1,0.1014,0.0047,1.4488,0.7129,0.1980,6.1584
1933,1,0.0851,0.0064,1.4508,0.7097,0.1774,6.4194
1934,1,0.0838,0.0070,1.4328,0.5566,0.1132,6.4434
1935,1,0.0924,0.0063,1.4566,0.6220,0.1339,6.4567
1936,1,0.0903,0.0078,1.4143,0.6211,0.1263,6.5684
1937,1,0.0896,0.0070,1.4656,0.7025,0.1983,6.2645
1938,1,0.0846,0.0080,1.3941,0.5053,0.1158,6.5684
1939,1,0.0714,0.0057,1.4745,0.5678,0.1864,6.5169
1940,1,0.0841,0.0069,1.4823,0.6635,0.2404,6.3846
1941,1,0.1086,0.0039,1.3863,0.6286,0.2286,6.9810
1942,1,0.1012,0.0067,1.4303,0.5882,0.2101,6.6471
1943,1,0.0825,0.0058,1.4398,0.6372,0.2389,6.5575
1944,1,0.0875,0.0073,1.4419,0.6900,0.1500,6.5000
1945,1,0.0869,0.0058,1.4323,0.5824,0.1538,6.7363
1946,1,0.0956,0.0081,1.4605,0.6434,0.1958,6.6084
1947,1,0.0963,0.0054,1.4169,0.6966,0.1348,6.8539
1948,1,0.0921,0.0079,1.4708,0.7708,0.1771,6.6250
1949,1,0.0771,0.0062,1.4976,0.6724,0.1207,6.1983
1950,1,0.0971,0.0068,1.4503,0.6512,0.2016,6.6512
1951,1,0.0875,0.0059,1.4310,0.7113,0.1340,6.6495
1952,1,0.0847,0.0077,1.4734,0.5798,0.1345,6.1849
1953,1,0.0862,0.0048,1.4490,0.7170,0.2264,6.5472
1954,1,0.0869,0.0073,1.4738,0.6186,0.1649,6.5670
1955,1,0.0751,0.0073,1.4502,0.5688,0.1560,6.5413
1956,1,0.0995,0.0073,1.4309,0.7667,0.2333,6.5000
1957,1,0.0950,0.0056,1.4496,0.7379,0.1359,6.7961
1958,1,0.0983,0.0069,1.4615,0.7016,0.1371,6.4839
1959,1,0.0741,0.0069,1.4529,0.5963,0.2569,6.2752
1960,1,0.0985,0.0077,1.4489,0.7304,0.1826,6.4348
1961,1,0.0728,0.0068,1.4275,0.6067,0.1236,6.6292
1962,1,0.0840,0.0071,1.4411,0.5299,0.1538,6.4188
1963,1,0.0878,0.0076,1.4264,0.6455,0.1636,6.5909
1964,1,0.0771,0.0067,1.4352,0.7544,0.2105,6.6930
1965,1,0.0847,0.0076,1.4891,0.6442,0.1827,6.5000
1966,1,0.0788,0.0040,1.4632,0.7105,0.1316,6.1842
1967,1,0.0923,0.0081,1.4708,0.6083,0.2000,6.5417
1968,1,0.1097,0.0048,1.4512,0.6789,0.1835,6.7248
1969,1,0.0722,0.0068,1.4145,0.6522,0.1957,6.4891
1970,1,0.1090,0.0073,1.4075,0.7131,0.1885,6.6967
1971,1,0.0846,0.0058,1.4568,0.5941,0.1980,6.7228
1972,1,0.0895,0.0081,1.4203,0.7000,0.1667,6.6250
1973,1,0.0841,0.0069,1.4606,0.7553,0.2234,6.4043
1974,1,0.0735,0.0071,1.4262,0.6667,0.1970,6.7727
1975,1,0.0772,0.0061,1.4411,0.4940,0.2410,6.4458
1976,1,0.0922,0.0086,1.4389,0.8182,0.1818,6.4697
1977,1,0.0847,0.0073,1.4544,0.5727,0.1545,6.6000
1978,1,0.1046,0.0062,1.4394,0.6964,0.1518,6.5268
1979,1,0.0817,0.0070,1.4568,0.7556,0.2333,6.4667
1980,1,0.0978,0.0084,1.4619,0.6260,0.1138,6.4472
1981,1,0.0807,0.0063,1.4700,0.6967,0.2049,6.4098
1982,1,0.0723,0.0069,1.4330,0.7129,0.1683,6.1683
1983,1,0.0974,0.0082,1.4587,0.6911,0.1789,6.3089
1984,1,0.0923,0.0060,1.4254,0.7174,0.1630,6.8696
1985,1,0.0825,0.0078,1.4543,0.6875,0.1161,6.6161
1986,1,0.0847,0.0082,1.4602,0.6271,0.1695,6.3390
1987,1,0.1226,0.0096,1.4399,0.7658,0.1622,6.2613
1988,1,0.0869,0.0055,1.4404,0.7107,0.2149,6.3967
1989,1,0.0778,0.0076,1.4090,0.7143,0.1099,6.4505
1990,1,0.0873,0.0073,1.4521,0.5391,0.1304,6.4174
1991,1,0.0862,0.0079,1.4574,0.6068,0.1709,6.3675
1992,1,0.0857,0.0061,1.4511,0.5818,0.2000,6.1545
1993,1,0.0928,0.0073,1.4337,0.7851,0.1983,6.8182
1994,1,0.0788,0.0067,1.4735,0.6136,0.2045,6.7386
1995,1,0.0880,0.0073,1.4270,0.7130,0.1217,6.3130
1996,1,0.0718,0.0082,1.4130,0.6814,0.1416,6.4071
1997,1,0.0908,0.0059,1.4529,0.8000,0.1714,6.6476
1998,1,0.0975,0.0067,1.4500,0.5635,0.1984,6.7540
1999,1,0.0840,0.0056,1.3993,0.5816,0.1837,6.8367
2000,1,0.0814,0.0057,1.4325,0.6273,0.2727,6.5818
2001,1,0.0936,0.0079,1.4599,0.6930,0.1842,6.4035
2002,1,0.0886,0.0056,1.4356,0.7113,0.1546,6.4948
2003,1,0.0867,0.0077,1.4419,0.7069,0.1983,6.4655
2004,1,0.0975,0.0052,1.4372,0.7105,0.1930,6.7719
2005,1,0.0726,0.0059,1.4319,0.5941,0.1386,6.5050
2006,1,0.0907,0.0095,1.4281,0.6667,0.2583,6.5000
2007,1,0.0956,0.0066,1.4574,0.5234,0.1495,6.5981
2008,1,0.0844,0.0067,1.4783,0.6847,0.2252,6.4685
2009,1,0.0862,0.0066,1.4504,0.5957,0.1489,6.5319
2010,1,0.0954,0.0060,1.4612,0.5680,0.1920,6.4080
2011,1,0.1030,0.0063,1.4465,0.6637,0.1327,6.6726
2012,1,0.0927,0.0058,1.4637,0.6471,0.1373,6.4706
2013,1,0.0696,0.0064,1.4806,0.7692,0.1058,6.2788
2014,1,0.1058,0.0087,1.4000,0.7217,0.0870,6.2435
2015,1,0.0772,0.0050,1.4650,0.8936,0.1277,6.8191
2016,1,0.1159,0.0098,1.4300,0.6187,0.1655,6.2950
2017,1,0.0983,0.0040,1.4332,0.5904,0.1807,6.9398
2018,1,0.0979,0.0084,1.4301,0.6129,0.1048,6.4677
2019,1,0.0915,0.0048,1.4678,0.7778,0.1852,6.6296
2020,1,0.1146,0.0059,1.4790,0.6167,0.2417,6.2917
2021,1,0.0793,0.0058,1.4670,0.5581,0.1744,6.4419
2022,1,0.0833,0.0072,1.4469,0.6484,0.1641,6.2734
2023,1,0.0941,0.0062,1.4740,0.4636,0.2182,6.5545
2024,1,0.0793,0.0065,1.4443,0.6698,0.1415,6.6038
2025,1,0.0949,0.0058,1.4361,0.7297,0.1892,6.7477
2026,1,0.0859,0.0048,1.4848,0.5963,0.1927,6.5046
2027,1,0.0841,0.0071,1.4150,0.7232,0.1786,6.4196
2028,1,0.0876,0.0067,1.4522,0.6786,0.2411,6.7500
2029,1,0.0920,0.0068,1.4572,0.7200,0.1400,6.4200
2030,1,0.1010,0.0073,1.4391,0.6929,0.1181,6.4252
2031,1,0.0865,0.0073,1.4368,0.7170,0.1226,6.4623
2032,1,0.0825,0.0071,1.4355,0.5408,0.1837,6.5204
2033,1,0.0929,0.0077,1.4184,0.7398,0.1382,6.3008
2034,1,0.0785,0.0051,1.4456,0.6768,0.1313,6.5657
2035,1,0.0841,0.0076,1.4948,0.6935,0.2177,6.5323
2036,1,0.0817,0.0069,1.4531,0.6000,0.1909,6.5909
2037,1,0.0819,0.0064,1.4410,0.6465,0.1212,6.7172
2038,1,0.0823,0.0048,1.4343,0.5439,0.1842,6.4912
2039,1,0.0892,0.0073,1.3896,0.6000,0.2182,6.7091
2040,1,0.0758,0.0065,1.4284,0.5766,0.1802,6.6036
2041,1,0.1050,0.0072,1.4389,0.6019,0.1852,6.4907
2042,1,0.0824,0.0049,1.4431,0.6466,0.1810,6.5345
2043,1,0.0936,0.0076,1.4403,0.6117,0.1165,6.3301
2044,1,0.0846,0.0061,1.4299,0.6783,0.1652,6.3478
2045,1,0.0787,0.0068,1.4140,0.9483,0.1724,6.6466
2046,1,0.0857,0.0071,1.4692,0.5728,0.1456,6.0485
2047,1,0.1048,0.0056,1.4794,0.5515,0.1838,6.1324
2048,1,0.0755,0.0059,1.4697,0.6111,0.1852,6.4352
2049,1,0.0850,0.0066,1.4866,0.7204,0.1720,6.8817
2050,1,0.0886,0.0083,1.4100,0.6422,0.1651,6.3945
2051,1,0.0837,0.0076,1.4487,0.7064,0.1651,6.4037
2052,1,0.0822,0.0073,1.4147,0.6903,0.1681,6.4513
2053,1,0.1159,0.0057,1.4574,0.7934,0.1736,6.4793
2054,1,0.0975,0.0051,1.4728,0.6436,0.1980,6.3960
2055,1,0.0924,0.0057,1.4409,0.6422,0.1835,6.5780
2056,1,0.0935,0.0091,1.4363,0.5794,0.1028,6.2430
2057,1,0.0850,0.0075,1.4684,0.5902,0.1557,6.4426
2058,1,0.0934,0.0074,1.3759,0.7522,0.1947,6.5841
2059,1,0.0717,0.0066,1.4531,0.7353,0.1471,6.8137
2060,1,0.0800,0.0071,1.4297,0.6514,0.1468,6.6330
2061,1,0.0915,0.0053,1.4343,0.6923,0.1250,7.0865
2062,1,0.0855,0.0052,1.4319,0.7632,0.1754,6.7193
2063,1,0.0832,0.0046,1.4540,0.7315,0.1667,6.5000
2064,1,0.0849,0.0061,1.4734,0.6273,0.1727,6.3273
2065,1,0.1161,0.0109,1.3961,0.6577,0.1171,6.3694
2066,1,0.0955,0.0080,1.4596,0.7768,0.1786,6.3750
2067,1,0.0865,0.0063,1.4695,0.6818,0.1455,6.4273
2068,1,0.0828,0.0068,1.4034,0.8641,0.1553,6.5631
2069,1,0.1016,0.0042,1.4697,0.7131,0.1721,6.4508
2070,1,0.1003,0.0066,1.4533,0.6875,0.1518,6.6161
2071,1,0.0896,0.0077,1.4384,0.6182,0.1636,6.5818
2072,1,0.0917,0.0069,1.4751,0.8073,0.1009,6.6422
2073,1,0.0837,0.0062,1.4615,0.6495,0.1959,6.6598
2074,1,0.0907,0.0079,1.4509,0.5983,0.1111,6.6325
2075,1,0.0971,0.0052,1.4577,0.6289,0.0928,6.4845
2076,1,0.1048,0.0076,1.4310,0.6124,0.0930,6.3178
2077,1,0.0692,0.0062,1.4425,0.8265,0.1633,6.5306
2078,1,0.0763,0.0078,1.4623,0.6121,0.1983,6.3793
2079,1,0.0818,0.0085,1.4455,0.5514,0.1121,6.3084
2080,1,0.0760,0.0067,1.4778,0.7607,0.1368,6.3675
2081,1,0.0861,0.0076,1.4655,0.6435,0.1391,6.3391
2082,1,0.0756,0.0065,1.4475,0.5888,0.2056,6.9159
2083,1,0.0835,0.0065,1.4211,0.6535,0.1881,6.3762
2084,1,0.0826,0.0075,1.4553,0.6032,0.1905,6.3333
2085,1,0.0872,0.0063,1.4216,0.5941,0.1980,6.8218
2086,1,0.0682,0.0065,1.4579,0.7222,0.1296,6.3889
2087,1,0.0928,0.0046,1.4409,0.5862,0.1983,6.5776
2088,1,0.1056,0.0085,1.4694,0.7431,0.1927,6.4679
2089,1,0.0974,0.0048,1.4554,0.6496,0.1966,6.5897
2090,1,0.1079,0.0064,1.4657,0.7091,0.1818,6.5182
2091,1,0.0748,0.0055,1.4622,0.6966,0.1685,6.4944
2092,1,0.1080,0.0081,1.4458,0.6984,0.2063,6.2937
2093,1,0.0716,0.0060,1.4631,0.7312,0.1505,6.5806
2094,1,0.1000,0.0076,1.4372,0.6960,0.1840,6.3360
2095,1,0.0970,0.0053,1.4792,0.6415,0.1887,6.5660
2096,1,0.0675,0.0063,1.4062,0.7228,0.1782,6.6337
2097,1,0.0740,0.0072,1.4395,0.6610,0.1525,6.5085
2098,1,0.0895,0.0060,1.4539,0.6330,0.1651,6.7156
2099,1,0.0967,0.0076,1.4015,0.6526,0.1579,6.4947
2100,1,0.1082,0.0049,1.4811,0.8839,0.1429,6.5179
2101,1,0.0907,0.0082,1.4634,0.6508,0.1667,6.6905
2102,1,0.0893,0.0058,1.4313,0.6818,0.1250,6.5341
2103,1,0.0944,0.0084,1.4341,0.6560,0.2560,6.6000
2104,1,0.0829,0.0066,1.4108,0.6444,0.1889,6.7556
2105,1,0.0853,0.0065,1.4543,0.6290,0.1452,6.9919
2106,1,0.0877,0.0067,1.4417,0.6701,0.1443,6.7423
2107,1,0.0821,0.0064,1.4482,0.6471,0.1176,6.4412
2108,1,0.0943,0.0064,1.4226,0.5952,0.1032,6.4921
2109,1,0.1025,0.0073,1.4513,0.6667,0.1714,6.6381
2110,1,0.0923,0.0050,1.4418,0.7805,0.1951,6.5285
2111,1,0.0869,0.0050,1.4740,0.5612,0.1327,6.3878
2112,1,0.0883,0.0066,1.4438,0.5862,0.1207,6.2500
2113,1,0.0916,0.0042,1.4570,0.6667,0.1622,6.6126
2114,1,0.0792,0.0055,1.4403,0.6034,0.1638,6.5690
2115,1,0.0878,0.0074,1.4688,0.6111,0.1222,6.5667
2116,1,0.0950,0.0070,1.4569,0.6667,0.1508,6.1667
2117,1,0.0802,0.0061,1.4657,0.7105,0.1754,6.7193
2118,1,0.1217,0.0031,1.4767,0.7624,0.2475,6.9010
2119,1,0.1039,0.0077,1.4697,0.6606,0.1743,6.3670
2120,1,0.0771,0.0068,1.4877,0.6667,0.0860,6.8172
2121,1,0.0899,0.0050,1.4490,0.5965,0.1491,6.7193
2122,1,0.0950,0.0073,1.4640,0.5520,0.1760,6.1680
2123,1,0.0884,0.0062,1.4526,0.6796,0.1262,6.5922
2124,1,0.0798,0.0073,1.4522,0.7069,0.1810,6.4310
2125,1,0.0799,0.0074,1.4323,0.7768,0.1786,6.4464
2126,1,0.0804,0.0059,1.4302,0.6607,0.1339,6.6339
2127,1,0.0800,0.0051,1.4409,0.5204,0.2449,6.6837
2128,1,0.0995,0.0060,1.4393,0.6481,0.1759,6.5093
2129,1,0.0887,0.0078,1.4174,0.5403,0.1290,6.5726
2130,1,0.0853,0.0083,1.4506,0.7400,0.2400,6.1200
2131,1,0.0904,0.0089,1.4384,0.6228,0.2632,6.3509
2132,1,0.0798,0.0072,1.4466,0.6182,0.2000,6.4182
2133,1,0.0846,0.0073,1.4288,0.6607,0.2232,6.2589
2134,1,0.0951,0.0070,1.4577,0.5534,0.1553,6.3981
2135,1,0.0970,0.0074,1.4787,0.6183,0.1679,6.4504
2136,1,0.0926,0.0069,1.4662,0.5800,0.1500,6.6300
2137,1,0.1046,0.0076,1.4467,0.6216,0.2162,6.4505
2138,1,0.0885,0.0067,1.4325,0.7073,0.1382,6.4146
2139,1,0.0787,0.0059,1.4671,0.7340,0.1809,6.5638
2140,1,0.0794,0.0050,1.4258,0.6577,0.2252,6.4955
2141,1,0.0867,0.0071,1.4287,0.6339,0.1339,6.4196
2142,1,0.0803,0.0059,1.4515,0.6875,0.2083,6.5833
2143,1,0.0819,0.0057,1.4559,0.7077,0.1846,6.3769
2144,1,0.0907,0.0073,1.4309,0.6814,0.2212,6.4513
2145,1,0.0843,0.0074,1.4577,0.6633,0.1429,6.5408
2146,1,0.0918,0.0065,1.4264,0.5847,0.2119,6.4661
2147,1,0.0877,0.0071,1.4622,0.5490,0.1667,6.0882
2148,1,0.0819,0.0054,1.4700,0.6281,0.2149,6.3554
2149,1,0.0765,0.0056,1.4902,0.5408,0.1939,6.4592
2150,1,0.0972,0.0066,1.4438,0.5530,0.1742,6.2348
2151,1,0.0869,0.0058,1.4195,0.7692,0.1731,6.4231
2152,1,0.0836,0.0047,1.4345,0.7563,0.1597,6.4622
2153,1,0.0953,0.0062,1.4255,0.6869,0.1616,6.8283
2154,1,0.1020,0.0069,1.4731,0.6286,0.2286,6.1333
2155,1,0.1054,0.0066,1.4589,0.6339,0.2500,6.4375
2156,1,0.0978,0.0061,1.4596,0.6636,0.1963,6.5701
2157,1,0.0952,0.0079,1.4298,0.8136,0.1356,6.5424
2158,1,0.0825,0.0060,1.4538,0.7477,0.1963,6.4299
2159,1,0.0739,0.0070,1.4271,0.6893,0.1748,6.5437
2160,1,0.0930,0.0083,1.4128,0.6984,0.2302,6.6429
2161,1,0.0887,0.0062,1.4573,0.5745,0.1277,6.3936
2162,1,0.0828,0.0058,1.4427,0.5948,0.1897,6.4052
2163,1,0.0809,0.0061,1.4504,0.7281,0.1667,6.5175
2164,1,0.1051,0.0089,1.4216,0.6637,0.1062,6.5752
2165,1,0.0947,0.0073,1.4559,0.6937,0.1622,6.6757
2166,1,0.0845,0.0072,1.4751,0.5888,0.1869,6.1869
2167,1,0.0886,0.0077,1.4891,0.7155,0.1466,6.3621
2168,1,0.0708,0.0075,1.4232,0.7075,0.1792,6.3113
2169,1,0.0970,0.0071,1.4151,0.7874,0.2205,6.7717
2170,1,0.0834,0.0075,1.4871,0.6705,0.1932,6.5455
2171,1,0.1041,0.0076,1.4529,0.6585,0.2033,6.4797
2172,1,0.1020,0.0073,1.4762,0.6415,0.1887,6.3396
2173,1,0.0832,0.0051,1.4707,0.6574,0.1852,6.5278
2174,1,0.0821,0.0058,1.4469,0.7212,0.1731,6.6731
2175,1,0.0893,0.0053,1.4317,0.6415,0.1887,6.6226
2176,1,0.1012,0.0058,1.4307,0.6396,0.2162,6.4955
2177,1,0.0841,0.0075,1.4438,0.6068,0.2222,6.5641
2178,1,0.0974,0.0046,1.4422,0.6132,0.1604,6.8396
2179,1,0.0954,0.0074,1.5167,0.5905,0.1429,6.0762
2180,1,0.0991,0.0061,1.4695,0.5288,0.1346,6.5577
2181,1,0.0923,0.0073,1.4731,0.6320,0.2080,6.1600
2182,1,0.0886,0.0060,1.4466,0.5752,0.1239,6.5752
2183,1,0.1088,0.0052,1.4094,0.5625,0.1250,6.8839
2184,1,0.0889,0.0055,1.4584,0.7900,0.2400,6.6900
2185,1,0.0964,0.0079,1.4477,0.6486,0.1622,6.2252
2186,1,0.0883,0.0073,1.4495,0.7627,0.1610,6.4407
2187,1,0.0932,0.0075,1.4458,0.6471,0.1667,6.3235
2188,1,0.1025,0.0063,1.4518,0.7009,0.1795,6.2991
2189,1,0.0915,0.0065,1.4508,0.7232,0.1071,6.3393
2190,1,0.0860,0.0078,1.4868,0.6667,0.1111,6.2500
2191,1,0.0923,0.0052,1.4295,0.5641,0.2222,6.5043
2192,1,0.1005,0.0037,1.4619,0.4902,0.2255,6.4804
2193,1,0.0808,0.0066,1.4384,0.5780,0.2110,6.6881
2194,1,0.0805,0.0062,1.4822,0.4904,0.1442,6.3750
2195,1,0.1000,0.0064,1.4526,0.6410,0.2051,6.4615
2196,1,0.0939,0.0081,1.4472,0.7436,0.1966,6.5726
2197,1,0.0947,0.0082,1.4158,0.6250,0.1071,6.2857
2198,1,0.0796,0.0061,1.4815,0.6422,0.1284,6.2018
2199,1,0.1028,0.0075,1.4468,0.6271,0.1949,6.3220
2200,1,0.0886,0.0080,1.4818,0.5946,0.1622,6.4865
2201,1,0.0939,0.0053,1.4428,0.6364,0.1636,6.5273
2202,1,0.1002,0.0077,1.4555,0.7018,0.1842,6.4912
2203,1,0.0844,0.0072,1.4334,0.5196,0.1667,6.4412
2204,1,0.0735,0.0066,1.4145,0.7395,0.1429,6.3697
2205,1,0.1041,0.0068,1.4549,0.5902,0.1148,6.5246
2206,1,0.0875,0.0050,1.4338,0.7442,0.1279,6.5814
2207,1,0.0858,0.0064,1.4484,0.5840,0.1680,6.4160
2208,1,0.0964,0.0069,1.4303,0.7789,0.1368,6.3789
2209,1,0.1318,0.0085,1.4487,0.5461,0.1631,6.2553
2210,1,0.0940,0.0068,1.4341,0.6264,0.1319,6.1868
2211,1,0.1031,0.0068,1.4603,0.6894,0.2121,6.4167
2212,1,0.0773,0.0068,1.4656,0.6667,0.2444,6.4333
2213,1,0.0945,0.0060,1.4613,0.5781,0.1562,6.3984
2214,1,0.0831,0.0067,1.4207,0.7300,0.1400,6.6000
2215,1,0.0965,0.0073,1.4579,0.6857,0.1905,6.5333
2216,1,0.0889,0.0062,1.4701,0.6555,0.1849,6.1765
2217,1,0.0846,0.0063,1.4648,0.5789,0.1754,6.2632
2218,1,0.0787,0.0081,1.4192,0.6542,0.2056,6.3738
2219,1,0.0854,0.0047,1.4899,0.6702,0.1596,6.0851
2220,1,0.0686,0.0072,1.4402,0.7122,0.2230,6.3669
